"platform","keyword","comment","label_emotion","","Label","","Total"
"TikTok","#newjeans","heyy suara minji cakep banget, bahkan suara asli mereka lebih bagus ya","1","","happiness","1","200"
"TikTok","#newjeans","iihh sedih banget sama tingkah laku member newjeans sekarang","2","","sadness","2","200"
"TikTok","#newjeans","kangen new jeans, sekarang liat mereka bawaanya ilfeel kenapa ya 😔","2","","fear","3","200"
"TikTok","#newjeans","pernah sesuka itu sama nj, lagunya selalu cepet nyantol di kepala, kangen bgt😭","2","","love","4","200"
"TikTok","#newjeans","Sayang banget group sebagus ini mnjadi najiez🫤","5","","anger","5","200"
"TikTok","#rosé","langsung nyantol jir lagunyaa😭🤍","4","","","",""
"Youtube","#heart2hearts","Gasabar melihat kesuksesan mereka semua","1","","Comments =","","1000"
"Youtube","#heart2hearts","Yuha as tumbnail iss supremacy~ cantik banget yuhaaa sayanggg~","4","","","",""
"Youtube","#heart2hearts","Suka banget liat rambut panjang Carmen😍🩷💕","4","","","",""
"Youtube","#heart2hearts","Gak sabar liat mreka saat di ruang rekaman lagu the chase❤","4","","","",""
"Youtube","#heart2hearts","Pokoknya support full for semua member, selalu nunggu setiap hari content dan gebrakan baru mereka 👍

","4","","","",""
"Youtube","#heart2hearts","Sumpahh weeee .. carmen cantik banget pas di bagian baju item celana item rambut panjangggggg 😭😭😭🥰💕😘","4","","","",""
"Youtube","#heart2hearts","Wih, banyak pake gen baru ya? Bagus bagus, vibesnya fresh 😮❤","1","","","",""
"Youtube","#heart2hearts","Sumpah dance practice nya dan lagunya bikin candu jadi ga bosen dengernya","1","","","",""
"Youtube","#heart2hearts","kreennn bgtt cok vibesnya mrip' girls generation","1","","","",""
"Youtube","#heart2hearts","Satu grup membernya visual semuaaa aduhh gemesss bgttt sihhh kaliannn😖🤏🏻🤍","4","","","",""
"Youtube","#heart2hearts","Ternyata Carmen kalok rambutnya begitu panjang dan diurai cuteeee sekaliiiii","4","","","",""
"Youtube","#heart2hearts","Sampe skrg kaya wow bgt gitu ke carmen. Karena bisa menembus tembok SM. Fighting Heart2Heart ❤❤❤❤","1","","","",""
"Youtube","#heart2hearts","Aslik ini keren banget dance performancenya....","1","","","",""
"Youtube","#heart2hearts","Carmen luar biasa 🎉 Indonesia bangga ada anak muda indo yg bisa masuk ke korea lagi ❤","1","","","",""
"Youtube","#heart2hearts","OMG bagus banget sumpah lagunya enak banget didengar","4","","","",""
"Youtube","#heart2hearts","Carmen long hair beuhhh damage nya","1","","","",""
"Youtube","#heart2hearts","Ninggalin jejak dulu.. Gas gas gass trendingin lg","1","","","",""
"Youtube","#heart2hearts","CARMENNNNNN CANTIKNYAAAAA❤❤❤❤❤❤🥰🥰🥰","4","","","",""
"Youtube","#heart2hearts","aku tidak bisa memilih bias ,kalian semua terbaik ❤","4","","","",""
"Youtube","#heart2hearts","Aslik ini keren banget dance performancenya....","1","","","",""
"Youtube","#heart2hearts","Lagunya enak didengar di telinga saya, seperti suasana pantasti 😊","1","","","",""
"Youtube","#heart2hearts","Buset keren banget sebelum ratusan ribu anjai","1","","","",""
"Youtube","#heart2hearts","vibe nya segerr bgttt, konsepnya sm bgt ❤️😭😭🫰🏻🫰🏻","1","","","",""
"Youtube","#heart2hearts","Gue ke sini krn Carmen..🎉semoga sukses karirnya..congrats","1","","","",""
"Youtube","#heart2hearts","Lagu yang tidak akan pernah bosan 😊❤","1","","","",""
"Youtube","#XODIAC","INI SIH KONSEPNYA BUKAN MV DEBUT, TAPI KAYAK COME BACK! KEREN BANGETTTTTT!!! SEMUA MEMBER NYA KEREN2!!!","1","","","",""
"Youtube","#XODIAC","TEPUK TANGANN SEBESARNYA BUAT XODIAC, SENENG BANGET BUAT KALIAN","1","","","",""
"Youtube","#XODIAC","Waw, suara mereka keren keren, vokal mereka unik. Visual, dance, rapnya jg keren, aku kira tadi ini MV comeback ternyata MV debut, parah sih kerennya","1","","","",""
"Youtube","#XODIAC","GILAAAAA BAGUS BANGET INI MAH BUKAN MV DEBUT, ini mah comeback, sukses terus buat kalian💐","1","","","",""
"Youtube","#XODIAC","MV DEBUT KEREN BANGET UDAH KAYAK COMEBACK AJAAAA!!! BENER BENER KERENNNN!!!!!","1","","","",""
"Youtube","#XODIAC","SELAMAT GUYS UDAH TRENDING #2 DI INDONESIA, SEMANGAT!!!","1","","","",""
"Youtube","#XODIAC","LAGUNYA KEREN, DANCENYA JUGA KEREN, VISUAL DAPET SEMUA, MV NYA JUGA BAGUSS , DAHLAHH XODIAC AUTO INTERNASIONAL, AMINNNN","1","","","",""
"Youtube","#XODIAC","Jujur, untuk ukuran debut, ini keren loh, lagunya enak, kualitas vokal bagus, dan mv nya juga keren.","1","","","",""
"Youtube","#XODIAC","Lagu debut diluar expektasi enak banget, boyband yang sangat menjanjikan 🔥","1","","","",""
"Youtube","#XODIAC","Yukkk up bareng2 yuk guysss. Ini sumpah visual sama lagunya enak banget. Terus agensinya juga tidak terlihat mengkhawatirkaaan. Zayyan real anak soleh indonesiaaa","1","","","",""
"Youtube","#XODIAC","MV DEBUT KAYA GINI???? KERENN BANGETT, YOU GUYS VERY TALENTED","1","","","",""
"Youtube","#XODIAC","HAIII, GILA SIH INI MV VIBES NYA MANTEP BANGET!! KUYLAH INI GRUP HARUS MAJU DAN SUKSES!!! AYOO SEMANGAATTT!!!","1","","","",""
"Youtube","#XODIAC","Lagunya terngiang-ngiang, keren bangettt, selamat atas debutnya Xodiac / love love hijau","1","","","",""
"Youtube","#XODIAC","Congratulations xodiac atas subcriber ke 100K dan view 734K dan like mv 142K tetap streaming guys fighting dan trending youtube Indonesia #5","4","","","",""
"Youtube","#XODIAC","Kereeennnn bgtt buat semua member selamat y atas debutnya smg lancarr sukses🎉","4","","","",""
"Tiktok","#Wonyoung","gue jadi wonyoung jg kaget sih ada orang tb tb mau sentuh","3","","","",""
"Tiktok","#Wonyoung","itu wonyoung kaget,emg klian pd gak kaget klo tb tb di pegang sm org gk di kenal?","3","","","",""
"Tiktok","#Wonyoung","aduh bnr bgt, gw klo diposisi wonyoung jg gt, kaget begitu","3","","","",""
"Tiktok","#Wonyoung","woy kalian ngerti Gk sih?? Itu si Wonyoung Menghindar karena dia kaget Bkn Jijik Please Jgn Hater2 Kpop","5","","","",""
"Tiktok","#Wonyoung","ga ngerti lagi deh sama HATERS wony, di katain gak ramah sama anak kecil lah, pick me lah, makan pizza salah lah, ngelempar bola salah lah, wony bernapas aja salah gitu? pls deh wony itu idol dia gak-","5","","","",""
"Tiktok","#Wonyoung","ya bayangin ajeee kalo lu didatengin orang asing tiba²😭😭","3","","","",""
"Tiktok","#BTSColdplay","suara jeykey emg bagus bgt sii bikin candu💜","4","","","",""
"Tiktok","#BTSColdplay","suaranya jungkook emang bagus dan adem bgtttt, kalau dgr dia nyanyi pasti membuat suasana menjadi tenang bgttt","4","","","",""
"Tiktok","#BTSColdplay","senyum taehyung bangga banget sama jungkook🥰🥰🥰💜💜💜💜","4","","","",""
"Tiktok","#BTSColdplay","mereka aja bangga apalagi gw yang istri nya😻","4","","","",""
"Tiktok","#BTSColdplay","AKKKKKKKKKKKKKKKK TAEHYUNG MANIS BANGETT OH MY GOSH AKKKK","4","","","",""
"Tiktok","#BTSColdplay","aku bangga sama maknae.. tapi langit seakan penuh bunga melihat senyum taehyung.. sebangga itu sama adeknya🥰🥰","1","","","",""
"Tiktok","#BTSColdplay","spanjang liat video ini gw nangis trharu bangga bgt ama mrka apalagi pas mrka d wwancarai satu"" itu","1","","","",""
"Tiktok","#BTSColdplay","tpi aku ttep sedih sihh part nya jin Kya gk kerasa ada gtu🥺🥺","2","","","",""
"Tiktok","#BTSArmy","kok gue nangis pas jin panggil armyy😓","2","","","",""
"Tiktok","#BTSArmy","aaaaa nangisss anjai smga bisa bertujuh lagi😭😭😭😭","2","","","",""
"Tiktok","#BTSArmy","terharu liat wajah'y uri sunshine 😭 menerima mama platinum, gak bisa ngomong apa2 lagi my, bahagia sekali 🥰🎇","1","","","",""
"Tiktok","#BTSArmy","kannn jd nangis lg ngeliat moment ini😭 bangtan your the best💜😭","2","","","",""
"Tiktok","#BTSArmy","Siapa yg naro bawang disini🥺","2","","","",""
"Tiktok","#BTSArmy","ini udh nonton livenya waktu itu dan aku nangis sekarang liat lagi ttp nangis😭😭😭kangennnn","2","","","",""
"Tiktok","#BTSArmy","Sampai saat ini ga ada yg bisa ngalahin legend nya mereka, the one and only mama platinum they deserve it!!!🥺","1","","","",""
"Tiktok","#BTS","setiap mereka dpt penghargaan ikut merinding ,bahgia bangga juga trharu😭🤧🔗💖","1","","","",""
"Tiktok","#BTS","sebagai ARMY aku bangga banget sama my idolaku BTS🥰🥰🥰🥰🥰🥰🥰","1","","","",""
"Tiktok","#namjoon","kok aku nangis... nyesek banget sumpah😭😭","2","","","",""
"Tiktok","#namjoon","orang² knp sih setega itu sama mereka heran deh aku.","5","","","",""
"Tiktok","#namjoon","Sedih bgt aku liat mukanya jimin🥺🥺😭😭","2","","","",""
"Youtube","#TheChase ","I love the way you love the chase Udah ditahap tercandu-candu 😭❤","4","","","",""
"Youtube","#TheChase ","lagunya didengerin berkali-kali makin bikin candu😭❤","4","","","",""
"Youtube","#TheChase ","Vibesnya kek lagi mau diantar ke surga, adem rasanya","4","","","",""
"Youtube","#TheChase ","sukaa bgttt sama lagu h2h 💗💗","1","","","",""
"Youtube","#TheChase ","Satu bulan telah berlalu, aku tetap akan suport kalian selama lamanya❤fighting girls","4","","","",""
"Youtube","#TheChase ","gatau tiap hari dengerin ini lagu berapa kali wkwk candu bgt jdi penyemangat waktu ngerjain skripsi hehe, makasih h2h","1","","","",""
"Tiktok","#Hearts2Hearts","Menurutku ini style carmen yang paling cantikkk 😭💗","4","","","",""
"Tiktok","#Hearts2Hearts","JANGAN REPLY KOMEN NYA HATTERS GUYS!","5","","","",""
"Tiktok","#Hearts2Hearts","semuanya cantik' but salfok carmen CAKEP BGT???!!!!!!😭😭","4","","","",""
"Tiktok","#Hearts2Hearts","kok malah diladenin sih?? kan bikin hate komen jd naikk!!","5","","","",""
"Tiktok","#Hearts2Hearts","di bilangin ga ush reply komenan haters malah banyak yg reply, kocak","5","","","",""
"Tiktok","#Hearts2Hearts","stop balesin haters, mereka nanti nambah seneng","5","","","",""
"Tiktok","#Hearts2Hearts","GUYS PLS, KALO ADA KOMEN HATE OR SEMACEMNYA GAUSA DITANGGEPIN BIAR KOMENNYA GA NAIK‼️","5","","","",""
"Tiktok","#Hearts2Hearts","SEMUANYA LUCUU BGT, APALGI CARMEN IAN, YE-ON 😭😭😭","4","","","",""
"Tiktok","#Hearts2Hearts","carmenn, bangga banget ada orng indo di sanaa 🥹🩵🩵","1","","","",""
"Tiktok","#kpop","Yeri di hate gr² join rv doang elah😭😭","2","","","",""
"Tiktok","#kpop","kasian bgt semuanya, terutama garam dia tumbang karena fitnahan dari kerupuk protes itu😔😭","2","","","",""
"Tiktok","#kpop","kasiaan bgt sama garam dihate karna haters.... jadi sediihh","2","","","",""
"Tiktok","#kpop","aku pengen ngomong kasar saat ini","5","","","",""
"Youtube","#kpop","Ngurus banget kesukaan orang lain, Lo gak ada kerjaan?","5","","","",""
"Youtube","#kpop","Gue heran aja gitu lo . katanya benci sama fans tapi kok ngehujad ke diri idol.anda sehat ?","5","","","",""
"Youtube","#kpop","tapi kamu sendiri yang duluan Banh, masa manusia Lo bilang plastik???","5","","","",""
"Youtube","#kpop","Pertanyaan cma gni bro yg ngehina lu kan fans nya exo trs knp yg lu hujat fans nya bts  mencoba positive thinking aj y mungkin lu cma tw nya bts doank jjr bro gw bkn kpop  tpi gw gk stuju aj gtu","5","","","",""
"Youtube","#kpop","Gw juga punya dendam sendiri bang. Gara gara gw salah nyebut nama jongkokk. Eh temen sekelas gw malahan hina fisik gw gendut devil gitu kan anjg. Makanya gw dendam banget yang nama nya kepop anjing","5","","","",""
"Youtube","#kpop","Ngaca dulu gih mas, Lo duluan kok yg ngehujat.. Kok elo yang tersakiti","5","","","",""
"Youtube","#kpop","Viewnya banyak tapi subscribe nya sikit😒😒nh dari lo hina orang baik lo cari usaha lo sendiri..masih banyak yang lo boleh buat daripada lo berkata buruk tentang orang lol😒😒","5","","","",""
"Youtube","#kpop","Idiot itu orang yang gak bisa ngehagain orang","5","","","",""
"Youtube","#kpop","Gila kali ya orang ini siapa juga yang mau jual agama , kalau lu ada masal gak usa di lampiaskan ke kpoppers , lu gila masuk rumah sakit gila sana","5","","","",""
"Youtube","#kpop","Aku nggak suka video ini karena banyak idol K-Pop yang ku cintai disini","5","","","",""
"Youtube","#kpop","Yang di benci kok biasku sih jeon Jungkook,haters emang kurang ajar di mata army","5","","","",""
"Youtube","#kpop","Aku benci info ini banyak bias ku di benci terutama jennie aku nnga suka jennie di giniin","5","","","",""
"Youtube","#Jonghyun","Kesihan bat semoga beliaw tenang di alam sana😭😭😭 tpi siapa yg nonton in pas tahun 2021?","2","","","",""
"Youtube","#Jonghyun","Padahal cuma video artis and idol yg dateng ke funeralnya Jonghyun tp bikin air mata ini ngalir deres dan hati sakit bgt 😭 Banyak banget orang yang sayang sm Jonghyun tp kenapa dia milih jalan itu diumur yg masih muda kenapa 😭","2","","","",""
"Youtube","#Jonghyun","Masih sering merindukan jonghyun oppa😢😭 Suaranya masih terngiang terus di telinga... Semoga amalan dan kebaikannya di terima di sisi tuhan.. Amminn","2","","","",""
"Youtube","#Jonghyun","Saya rindu sangat gelak ketawa jonghyun yg dulu...😢😢😭😭","2","","","",""
"Youtube","#Jonghyun","Saya ke sini karena liat berita sulli meninggal jadi inget alm. Jonghyun shinee 😭🎗","2","","","",""
"Youtube","#Jonghyun","Muncul di beranda YouTube lagi, jadi sedih keinget Jonghyun lagi 😭😭😭😭","2","","","",""
"Youtube","#Jonghyun","Aa kangen dia 😭 tp skrg hnya bisa ikhlaskan dia pergi 😭 semoga tenang di Alam sana Jonghyun 😇","2","","","",""
"Youtube","#Jonghyun","Gw rasa sedih banget ama iu. Dia udh kehilangan 2 sahabatnya yakni jonghyun & sulli :( buat iu tetap sabar yah-!! Dan untuk sulli & jonghyun smoga diberi ketenangan diatas sana","2","","","",""
"Youtube","#Jonghyun","Gk kerasa 😭 udah 2021 tpi kaya ngerasa Jonghyun vacum di dunia hiburan bukan meninggoy 😭 semoga dia damai disana dan gk sakit2 lagi 😭 Miss him so much ❤️","2","","","",""
"Youtube","#Jonghyun","Nggak kebayang kalau aku ada di situ, pasti kenceng banget nangisnya........dan nggak mungkin bisa nahan","2","","","",""
"Youtube","#Jonghyun","Mau ditonton berapa kali pun tetap sedih.aku kenal dia saat dia udah di surga 😭😭😭😭😭😭😭😭","2","","","",""
"Youtube","#Jonghyun","Ini kbr paling mendadak & gk akan pernah bisa di percaya 😭","2","","","",""
"Youtube","#Jonghyun","kenapa kau tinggalin kami jonghyun kami sangat sedih tau nggk","2","","","",""
"Youtube","#Jonghyun","Kok terasa sesak banget dada ne melihat beritamu sungguh membuatku 😭😭😭","2","","","",""
"Youtube","#Jonghyun","Hikss.. kangen jonghyun 😭😭 semoga tenang di sana  yah amin","2","","","",""
"Tiktok","#kpopers","gue kpopers tapi takut sm kpopers juga😭","3","","","",""
"Tiktok","#kpopers","RELATE 😭🙏🏼 gw kalo ngetik ampe mikir berkali2 gw baca ulang takut salah kata","3","","","",""
"Tiktok","#kpopers","iya asli takut bngt padahal gk ngatain idol nya eh malah dikatain astagfirullah","3","","","",""
"Tiktok","#kpopers","kadang gua yg suka KPop aja rasanya takut kalau bahas kpop sama kpopers wkwk","3","","","",""
"Tiktok","#kpopers","semua fandom sama aja(khusus fandom gede), kadang sampek takut sama fandom sendiri. apalagi kalok udah mode intel","3","","","",""
"Tiktok","#kpopers","jangankan kita yg sesama fans, idol aja kadang ada yg takut ama fansnya sendiri","3","","","",""
"Tiktok","#kpopers","kita semua tau fandom paling menyeramkan tuh fandom apa😭😭😭","3","","","",""
"Tiktok","#kpopers","aku blink tp aku takut kalo interact sama akgae/ solo stan Blackpink 😭😭🙏","3","","","",""
"Tiktok","#kpopers","Gue juga takut sama fandom sendiri (blink) tapi takutnya sama solo stan 😭🙏🏻","3","","","",""
"Tiktok","#kpopers","bnr bgt takut sm orang yg ngira gue solostan padahal gue suka satu group krna ya emang gue jarang ngepost semua mem nya krna gue blm pengen aja anjr","3","","","",""
"Tiktok","#kpopers","ARMY SIH KAK GUE ARMY TAPI ASLI GUE TAKUT ANJIRRR","3","","","",""
"Tiktok","#kpopers","gue yg mulfan aja takut, fandom gue tuh war satu sama lain dah kek musuh bebuyutan","3","","","",""
"Tiktok","#kpopers","frrrrr njir gue yg tadinya stan wannaone terus ke nct jujur shock bgt kek gak war sehari aje gak afdol😭","3","","","",""
"Tiktok","#kpopers","aduh jujur iya knp ini bener bngt JDINYA ENAKAN NGEFANGIRL SENDIRII diem diem aja di akun gembokan 😭😭😭","3","","","",""
"Tiktok","#kpopers","Aku takut sama temen sendiri dia sefandom sama aku di gak mau aku ngebiasin jaemin padahal ga masalah","3","","","",""
"Tiktok","#kpopers","Beneran tkut bgt klo dah bahas perfandoman ini🥲","3","","","",""
"Tiktok","#kpopers","GW JUGA ANJIRRR, SANGKING BUCINNYA SAMA BIAS SAMPE DI DM FANS LUAR DITANYAIN LU TU SOLO STAN YAH 😭","3","","","",""
"Tiktok","#kpopers","gw takutt fandom gw sendiri makin hari makin gede takut gak dapet tiket pas konser 😅","3","","","",""
"Tiktok","#kpopers","gue kalo ketemu temen beda fandom, tiap udah mulai bertolak belakang gue lgsg yg kaya 'stop there, selera kita emang beda' gamau ribut😭","3","","","",""
"Tiktok","#kpopers","bener, semengerikan itu. mungkin lagi semangat semangatnya memulai [tears] tapi emang, makin ke sini tuh makin ke sana [tears]","3","","","",""
"Tiktok","#kpopers","sumpah tapi bener banget bahkan gue sampe kalo mau komen dipost kpop harus mikir mikir dulu biar aman n gak dihujat huhu :(((","3","","","",""
"Tiktok","#kpopers","aku juga takut banget sumpah, jadi i just enjoy their appearance on the show not join the fandom because too scary for me😭","3","","","",""
"Tiktok","#kpopers","paling takut sm yg fans twt 😭🙏","3","","","",""
"Tiktok","#kpopers","kemaren ketemu sama orang ngedit jeno, terus tiba tiba ""ngapain sih bikin video cowo gue"" hiks aku tuh hiks banget","3","","","",""
"Tiktok","#kpopers","private akun adalah kunci agar aman dalam perkpopan😭😭","3","","","",""
"Tiktok","#kpopers","kaya mau komen aja udh takut salah jadi kalau ada yang komen ikut ikutan aja,setakut ituu","3","","","",""
"Tiktok","#kpopers","bangtan aja takut sama army apa lagi idol lain 😭😭 sampe lemes gitu😭😭","3","","","",""
"Tiktok","#linedistributionkpop","gak suka banget sama pembagiannya kesiann beomgyung 😭","2","","","",""
"Tiktok","#linedistributionkpop","ini loona mah dr awal debut smp disband anjirt😔

","2","","","",""
"Tiktok","#linedistributionkpop","itu masih mendingg bang, nih asal lu tau beomgyu dapet 0 line di happily aver after 🙂💔 padahal memb nya 5...🙂","2","","","",""
"Tiktok","#linedistributionkpop","happily ever after beomgyu buka mulut aja kagak itumah😭😭","2","","","",""
"Tiktok","#NJZ","Maraahh banget ama ni bocil 😭 dmn dunia pokonya harus mau ngerti dia, bknnya sebaliknya","5","","","",""
"Tiktok","#NJZ","Kesell banget sama ni bocil gk tau diri","5","","","",""
"Tiktok","#NJZ","Makinn hari dibuat kesel sama NJZ, junior laga senior","5","","","",""
"Tiktok","#NJZ","tapi di dunia ini bidang apapun itu punya aturan daniell, dan aturan juga dibuat dengan alasan :(","5","","","",""
"Tiktok","#NJZ","Kacang lupa kulitt banget gak tau diri 😡","5","","","",""
"Tiktok","#NJZ","banyak mau bgt, padahal traine lain harus kerja keras tanpa privilege","5","","","",""
"Tiktok","#NJZ","jariku diam tapi mulutku keluar kata kasarrrr","5","","","",""
"Tiktok","#NJZ","dek adek, kamu debut emang udah berapa lama sih? pencapaian kamu udah sehebat apa sih ? 😞","5","","","",""
"Tiktok","#NJZ","Buat agensi sndri daniele klau gk mau ada aturan gk mau ada tekanan 🙏","5","","","",""
"Tiktok","#NJZ","yang bilang jadi trainee itu mudah siapa sih? perasaan semua idol dari semua perusahan bilang susah","5","","","",""
"Tiktok","#NJZ","ga pernah semuak ini gua bjirr DEMI DAH","5","","","",""
"Tiktok","#NJZ","kalo gitu bangun aja perusahaan sendiri, promosi sendiri, produserin lagu sendiri,semua harus mandiri","5","","","",""
"Tiktok","#NJZ","star syndrom pdhl tanpa hybe tanpa ngomong adik bts new jeans IS NOTHING","5","","","",""
"Tiktok","#NJZ","sebelum masuk ke suatu agensi pasti dijelaskan aturan2 yg disana, kalau dirasa itu gak cocok ngapain masuk. dimana2 pasti ada ATURAN","5","","","",""
"Tiktok","#NJZ","ITUMAH TATA KRAMA AJA GAKSI","5","","","",""
"Tiktok","#NJZ","dikira dia doang yg ngalamin dan dikira ga ada alasan knp ngebatasin🗿","5","","","",""
"Tiktok","#NJZ","ya Allah izin ke toilet ya emg seharusnya ada izin lah, lu di culik org, di sangka pergi kemana gimana anjir","5","","","",""
"Tiktok","#NJZ","mereka tau ga sih kalau dalam dunia KERJA ada yang namanya KONSEKUENSINYA","5","","","",""
"Tiktok","#NJZ","dia knp anjr etdah g kelar""","5","","","",""
"Tiktok","#NJZ","ga pernah semuak ini sama idol²😳😳","5","","","",""
"Tiktok","#NJZ","Enggk pernah semuak ini","5","","","",""
"Tiktok","#NJZ","dia ngomong kaya udah jadi senior yang bertahun tahun debut bgt, atau g kaya org yang udah ninggalin karier kpop aja","5","","","",""
"Tiktok","#NJZ","emosi banget liat kelakuan mereka, kayak ga punya empati 😡","5","","","",""
"Tiktok","#NJZ","Ini tuh bukan idol lagi, udah kayak reality show drama 🤦‍♀️ sumpah capek liatnya!","5","","","",""
"Tiktok","#NJZ","sumpah ga pernah semuak ini","5","","","",""
"Tiktok","#NJZ","GAK PERNAH SEMUAK INI SAMA IDOL","5","","","",""
"Tiktok","#NJZ","fans udah cape bela, tapi mereka tetep aja bikin masalah 🤦‍♀️","5","","","",""
"Tiktok","#NJZ","lu kan emg ikut org anjir kcuali lu bkin agensi sndiri ya tserah mau kreativitas gmn pun","5","","","",""
"Tiktok","#NJZ","sumpah njz makin lama makin ga jelas deh 😤 tiap hari ada aja drama baru","5","","","",""
"Youtube","#TheChase ","Jujur ya, bangga banget bisa jadi bagian dari fandom Hearts2Hearts.","1","","","",""
"Youtube","#TheChase ","gak nyangka udah 100 hari bareng h2h♡♡♡","1","","","",""
"Youtube","#TheChase ","lama kelamaan di dengerin kok makin nyantol yaa? sehari tanpa the chase kayanya bisa meriang deh wakaka, fighting h2h my little baby","1","","","",""
"Youtube","#TheChase ","carmen suaranya bgus bgt bjiiirrr cocok sama ciri khas suara² idol SM.","1","","","",""
"Youtube","#TheChase ","Sumpahh ga expect vocal carmen sebagus seenak itu woee 🤩 ga heran dia bisa debut di agensi legend sekelas SM ","1","","","",""
"Youtube","#TheChase ","gua masih gak nyangka suara carmen sebagus itu dia juga ngambil hight note main vocal gua yakin dia","1","","","",""
"Youtube","#TheChase ","Pokoknya Carmen GK malu maluin❤❤","1","","","",""
"Youtube","#TheChase ","Sumpah suara carmen SM bangetttt 😁😁😁😁 pewarna grup suaranya.","1","","","",""
"Youtube","#TheChase ","cakep"" bgtt gua lgsung msuk fandom 😭 s2u hatchuuu❤","1","","","",""
"Youtube","#TheChase ","ini bukan overproud ya tapi emang vocal carmen bagus banget disini patut di banggakan","1","","","",""
"Youtube","#TheChase ","Tapi emg bagian highnote diambil carmen semua, jgn jgn carmen main vocal. Gilaaa bangga bgt padahal bukan gw yg debut, carmen fighting","1","","","",""
"Youtube","#TheChase ","Masih ga nyangkaaa loh ini ada orang Indonesia masuk agensi gede? Sm? Adiknya aespaa sumpah seneng bngttt","1","","","",""
"Youtube","#TheChase ","carmen suaranyaaaa bagus bangeeet!","1","","","",""
"Youtube","#TheChase ","Masih ga nyangka jir orang indo debut di SM , semoga kedepannya nanti ada trainee indo yang debut di YG juga 🔥","1","","","",""
"Youtube","#TheChase ","ga pernah sebangga ini, sukses carmen bawa indo ke kpop 🥰","1","","","",""
"Youtube","#TheChase ","Haaa terharu bgt lohh sekian abad bru ini ada org indo jadi posisi main vocal 😭","1","","","",""
"Youtube","#TheChase ","Serasa gue bang yg jadi Carmen bahagia nya minta ampun","1","","","",""
"Youtube","#TheChase ","Bangga bgt gueh ada carmen sumpah❤","1","","","",""
"Youtube","#TheChase ","benerrr bgttt, bangga bgt plissss liat carmennn","1","","","",""
"Youtube","#TheChase ","yg huuuu huuu huuu itu juga carmen, bangga banget kita semuaaaaaa","1","","","",""
"Youtube","#h2h","suka bgt sama carmen yaallah,tapi ian sama jiwoo mencuri pandang bgt 🎉","4","","","",""
"Youtube","#h2h","gw suka bgt sama keseluruhan dancenya deh❤","4","","","",""
"Youtube","#h2h","Lama"" makin terpesona sama visual vocal dan lagu nya","4","","","",""
"Youtube","#h2h","Iya bg gue kepoin grup ini karna ada carmen eh pas nonton sapatu sapatu eh ku terjatuh dlm pesona jiwo mirip asa ngk sih dia❤","4","","","",""
"Youtube","#h2h","ayooo hahahaha knp kamu lihat senang skali bila bercakap... rasa mcm dibuai mimpi gitu bila tgk kamu..  hahahaha","4","","","",""
"Youtube","#h2h","Carmen gadis bali kita sangatt cantikkkk dan berbakat❤❤❤❤","4","","","",""
"Youtube","#h2h","SAMAA BANG BIAS CARMEN SAMA JIWO❤❤","4","","","",""
"Youtube","#h2h","Gua yg cewek jg ngerasa Ana turun dari langit disney😭 cantik betul","4","","","",""
"Tiktok","#karina","naksir berat sama Karina😭","4","","","",""
"Tiktok","#karina","kalo gue udh bisa cari uang sendiri gue bakal usahain secantik karina😌","4","","","",""
"Tiktok","#karina","plss ak kecintaan bgt sama si karmet😭😓","4","","","",""
"Tiktok","#karina","mau punyaa kakakk kaya karinaa plisss💗💗💗","4","","","",""
"Tiktok","#karina","ubur-ubur ikan lele, Karina cantik banget leee 💗💐","4","","","",""
"Tiktok","#karina","kenapa sih cantikk bangetttt😭💓💓💓💓","4","","","",""
"Tiktok","#karina","suka bgt idol yg trobos aja, kaya bomat sama skandal apalah itu","4","","","",""
"Tiktok","#karina","KA KAN KAN POSITIF VIBES NYA🤍🤍🤍🤍🤍","4","","","",""
"Tiktok","#endingscene","jang nara pasti relate bgt 😔 suami nya orang dibalik layar 😭😭😭","2","","","",""
"Tiktok","#endingscene","jadi kangen nonton good partner lagi, akting Jang Nara selalu keren 😞","2","","","",""
"Tiktok","#endingscene","ending scene emg gak ada obat kalau dipakai ngegalau😭","2","","","",""
"Tiktok","#endingscene","berhasil bikin mata bengkak ngga sih😔","2","","","",""
"Tiktok","#endingscene","ending scene sama can't love you anymore sakit banget anj😭😭😭","2","","","",""
"Tiktok","#endingscene","Paling sedih kalo diliat mvnya, berasa putus sama kim soo hyun 🙃","2","","","",""
"Tiktok","#endingscene","lagu galau aku dari dulu😭😭 baru kemarin malam lagi pgn dengerin lagi","2","","","",""
"Tiktok","#endingscene","JIR MAU NANGIS AJA LAH GUE😔","2","","","",""
"Tiktok","#endingscene","ending scene , love poem lagu galaunya iu yg gw bikin nangis","2","","","",""
"Tiktok","#endingscene","EMAMGGGG ENDING SCENE DARI SEMENJAK AKU SMP AS ALWAYS DIPAKE NGEGALAU","2","","","",""
"Tiktok","#endingscene","mantan gue gini, sakit bgt anj😭😭 mana putus 1 bln dia dapet cewe baru😭","2","","","",""
"Tiktok","#endingscene","km jangan sampe sakit yah, tapi yg bilang yg udah buat sakit 😭😭😭😭","2","","","",""
"Tiktok","#endingscene","aku ga pernah bisa nyanyi lagu ini tanpa nangis, pdhl ga punya mantan 😭😭","2","","","",""
"Tiktok","#astro","sepanjang liat eunwo bawaan nya sedih mulu nder😭","2","","","",""
"Tiktok","#astro","Liat boo sm eunwoo. Si eunwoo pasti syg bgt ama boo jga😭","2","","","",""
"Tiktok","#astro","sedihh bgt ketika di keramaian tapi ngerasa kesepian","2","","","",""
"Youtube","#ChaseMe","Gila sih, dari awal MV udah kerasa aura seremnya... merinding nontonnya.","3","","","",""
"Youtube","#ChaseMe","Kenapa suasananya kayak di rumah kosong angker sih... serem parah ","3","","","",""
"Youtube","#ChaseMe","MV ini tuh cantik tapi menyeramkan... kombinasi yang bikin takut tapi nagih.","3","","","",""
"Youtube","#ChaseMe","Kenapa suasananya kayak di rumah kosong angker sih... serem parah 😨","3","","","",""
"Youtube","#ChaseMe","Ini MV atau film horor? Seriusan, vibes-nya horror banget","3","","","",""
"Youtube","#VoodooDoll","That part when they’re controlled like dolls... sumpah serem gila 😱","3","","","",""
"Youtube","#VoodooDoll","Aesthetic-nya dark banget... ngasih vibes kayak dikutuk. Creepy but beautiful.","3","","","",""
"Youtube","#VoodooDoll","Gila sih ini MV, ngapain gua nonton malem-malem T__T","3","","","",""
"Youtube","#VoodooDoll","Kok bisa ya aku suka tapi juga takut VIXX dangerous banget ","3","","","",""
"Youtube","#VoodooDoll","Musiknya enak tapi visualnya... why so dark and creepy?","3","","","",""
"Youtube","#VoodooDoll","Ini bukan vibe-vibe lucu kayak MV lain... this is pure horror.","3","","","",""
"Youtube","#VoodooDoll","Aku kira ini konsep dark biasa... ternyata deep horror","3","","","",""
"Youtube","#VoodooDoll","Udah denger judulnya aja ""Voodoo Doll"", harusnya udah curiga... dan emang bener 😭","3","","","",""
"Tiktok","#MAMA","dulu EXO ternyata auranya mistis banget ya😭","3","","","",""
"Tiktok","#MAMA","dulu takut banget ama kai di mv ini😭😭😭","3","","","",""
"Tiktok","#MAMA","yg lain lagu debutnya ceria happy ini malah dark","3","","","",""
"Tiktok","#MAMA","lagu dimana bikin gue takut gara gara pas sayap api ada suara cewe","3","","","",""
"Tiktok","#MAMA","gue dulu takut bgt liat MVnya pada jaman itu jir 😭😭","3","","","",""
"Tiktok","#MAMA","awalnya kayak lagu puji2an syaiton 😭","3","","","",""
"Tiktok","#jungkook","kenapa ya kalau aku lihat jk senyum2 sendiri 🤭 berasa berbunga bunga 🥰","4","","","",""
"Tiktok","#jungkook","sumpah kook, suara lu😭 mantep bgt","1","","","",""
"Tiktok","#jungkook","dari semua performance dia, yg ini bener2 ngena di hati. yg lain juga bagus n top, tp ga tau knp yg di Qatar kayak punya magnet tersendiri 🥰","4","","","",""
"Tiktok","#le_sserafim","lagu2nya ganteng semua 🔥🔥🔥 dengernya uga gk bosen","4","","","",""
"Tiktok","#le_sserafim","Lagu nya anti gagal apalagi perfom nya 😋😋","4","","","",""
"Tiktok","#le_sserafim","lagu lagu nya kagak ada yang gagal 🥺🥺🥺","4","","","",""
"Tiktok","#le_sserafim","Bisa dibilang LeSserafim itu group yang kalo beli albumnya gak nyesel, karena hampir semua lagu2nya enak.. gak harus milih2 lagu lagi.","1","","","",""
"Tiktok","#le_sserafim","lagu2nya cocok di aku bikin happy sepanjang hari 🔥","1","","","",""
"Tiktok","#lesserafim","penyanyi yg gabisa nyanyi😭 gmn konsepnya??","2","","","",""
"Tiktok","#lesserafim","ga ngerti lagi deh, ini grup beneran idol apa pembuat drama 😡","5","","","",""
"Tiktok","#lesserafim","Makanya dilatih yang bener dulu sebelum debut😅😅😅","5","","","",""
"Tiktok","#lesserafim","udah ga lucu, makin hari makin bikin kesal banget 😤","5","","","",""
"Tiktok","#lesserafim","ya wajar sih orang ga bisa nyanyi","5","","","",""
"Tiktok","#lesserafim","ko gw sedih ya , karena.lle.sserafim di hujat mulu 😭","2","","","",""
"Tiktok","#lesserafim","yunjin chaewon bener-bener keren sih menurut gue","1","","","",""
"Tiktok","#lesserafim","tapi bagian chaewon enak banget buat didengerin terus😭","4","","","",""
"Tiktok","#lesserafim","tetep gak nemu kualitas😭","2","","","",""
"Tiktok","#lesserafim","kalau gitu rugi gak sih yg beli tiket nya","5","","","",""
"Tiktok","#lesserafim","udah ga lucu, makin hari makin bikin kesal banget 😤","5","","","",""
"Tiktok","#lesserafim","berasa kek bengek mereka nyanyi😭","2","","","",""
"Tiktok","#lesserafim","Ngk kuat gue dengernya 😭","2","","","",""
"Tiktok","#lesserafim","jujur jelek banget, gue emg gk bisa tapi... ya begitu lah","2","","","",""
"Tiktok","#lesserafim","selalu suka sama lagu"" le sserafim","4","","","",""
"Tiktok","#RunBTS","SAYANG BGT AMA HYBEEEEE FIX","4","","","",""
"Tiktok","#RunBTS","semakin jatuh cinta banget sama BTS 💜💜","4","","","",""
"Tiktok","#RunBTS","Suga keren bgt dengan rambut kuncirnya ,,,,,, bikin meleleh ni hati 🥰🥰🥰🥰","4","","","",""
"Tiktok","#smoothlikebutter","gw nemu anggota bts di sampah gw","5","","","",""
"Tiktok","#smoothlikebutter","plastik anjj","5","","","",""
"Tiktok","#smoothlikebutter","WOI PLASTIK AJA BANGGA😏","5","","","",""
"Tiktok","#smoothlikebutter","Aku yg dr awal suka bts udah fallin love sama kookie 🥰","4","","","",""
"Tiktok","#SHOUTOUT","shout out & polaroid love bgus bgt","4","","","",""
"Tiktok","#SHOUTOUT","lagu enha ga pernah gagal si, bite me juga","4","","","",""
"Tiktok","#SHOUTOUT","pliss klo dnger shout out bawaan nya pen nangis😭😭","2","","","",""
"Tiktok","#SHOUTOUT","Jake? gua terpesona ama suara lu yg cakep 😭🫵🏻","4","","","",""
"Tiktok","#SHOUTOUT","ASELI NI LAGU EMG CANDU BEGETE 😭😭","4","","","",""
"Tiktok","#SHOUTOUT","gatau.. suka bngt sama suara jake candu","4","","","",""
"Tiktok","#SHOUTOUT","MAU KONSER ENHA SAMBIL NYANYI TREAK DI LAGU SHOUT OUT PLSSS AMIN AMINNN","4","","","",""
"Tiktok","#SHOUTOUT","ga tau knpa cinta bgt sma lalu ini","4","","","",""
"Tiktok","#SHOUTOUT","kenapa yah? setiap denger lagu shout out pasti pengen nangis😞☹️☹️","2","","","",""
"Tiktok","#SHOUTOUT","Sumpah nih lagu enak bgt anjirtt, jadi pengen konser lagu ini😭","4","","","",""
"Tiktok","#SHOUTOUT","Gara gara lagu ini gua jadi ngefans banget sama mereka🥰","4","","","",""
"Tiktok","#SHOUTOUT","pas di part jake sm sunghoon baguss bgt pliss suaranyaaaa💋😻","4","","","",""
"Tiktok","#SHOUTOUT","kenapa pas bagian heeseung ""hoo hoo"" itu langsung sedih😭🙏","2","","","",""
"Tiktok","#SHOUTOUT","AAAAAAA LAGUU KESUKAAN GW 😻😻😻","1","","","",""
"Tiktok","#SHOUTOUT","ASELI NI LAGU EMG CANDU BEGETE 😭😭","4","","","",""
"Tiktok","#stillwithyou","kesini lgi thn 2025 kangen dia😭💜💜","2","","","",""
"Tiktok","#stillwithyou","kalo denger lagu ini nangis, apalagi pas liat jungkook nya nambah nangesss😭","2","","","",""
"Tiktok","#stillwithyou","iii gak kerasa yahh dulu pas dia bilang ""aku akan menyanyikan lagu ini sebelum pamit"" gue nangis kejerr bgt😭and then sekarangggg finally oiii dia pulanggg😫","2","","","",""
"Tiktok","#stillwithyou","2023 dia nyanyiin stil with you buat pamit wamil sekarang 2025 tinggal hitungan hari dia akan comeback 😭","2","","","",""
"Tiktok","#stillwithyou","Sumpah kangen banget sama jungkook😭","2","","","",""
"Tiktok","#stillwithyou","setiap ada vt tentang Jungkook mau wamil aku mewek😭","2","","","",""
"Tiktok","#stillwithyou","""sampai sekarang, inilah jungkook yang tidak bisa hidup tanpa kalian"" NANGISSS BNGETTT NANGISSSSSSSS😭","2","","","",""
"Tiktok","#stillwithyou","belom siap ditinggal jungkook😭😭","2","","","",""
"Tiktok","#stillwithyou","dengerin suaramu pakai headset sayang 😭😭😭 nangis banget aku tengah malam begini 😭😭😭😭😭","2","","","",""
"Tiktok","#stillwithyou","idol paling perfect menurut gue... ga ada idol yang sebucin ini sama fansnya🥺❤️💜","3","","","",""
"Tiktok","#stillwithyou","Pas Still with you nih bener bener ngena banget lagunya😭","2","","","",""
"Tiktok","#stillwithyou","still with you tanda buktiku padamu kookie, selama kamu wamil😭","4","","","",""
"Tiktok","#stillwithyou","Kalau Ada yg lebih indah dari Still with you, Mungkin itu Seorang Jeon Jungkook","4","","","",""
"Tiktok","#stillwithyou","Ngena sampe ke hati🥺 lagunya enak bangettt kookie🤗","4","","","",""
"Tiktok","#stillwithyou","Still with you bener2 berasa bawa gue kayak ke another world😭💜","4","","","",""
"Tiktok","#stillwithyou","""still with you"" membuat ku nangis🥺","2","","","",""
"Tiktok","#stillwithyou","TAHTA TERTINGGI LAGU JUNGKOOK DI HATI GW TETEP STILL WITH YOU GA BISA DI GESER DAN DI KALAHKAN","4","","","",""
"Tiktok","#stillwithyou","sekangen itukah aku. di play berulang ulang kali pun ttp aja nangis🥺","2","","","",""
"Tiktok","#waybackhome","sedihnya nyampe sini Shaun😶","2","","","",""
"Tiktok","#waybackhome","KANGEN, KANGEN , KANGEN BERAT ERA INI, MAU BALIK BGT PLSSS","2","","","",""
"Tiktok","#waybackhome","saking kgn nya sma era ini, ak datang lagi kesini 🥺🥺","2","","","",""
"Tiktok","#waybackhome","knp gw klo denger ini bawaanny mewekk🥺","2","","","",""
"Tiktok","#waybackhome","era ini bisa diulang gak sih?, kangen banget🥺","2","","","",""
"Tiktok","#waybackhome","bisaaa gak sihh balik lagi ke era ini, sekangen itu woyyy 🥺","2","","","",""
"Tiktok","#waybackhome","datang sendiri ke sini karna kangen banget sama era kpop yang fans nya gak toxic 😭","2","","","",""
"Tiktok","#lovesickgirl","Knp ya lgu Bp semua candu"", kek sekalinya dnger tuh langsung sukak","4","","","",""
"Tiktok","#lovesickgirl","satu² nya lagu bp yang enak di kuping gue.","4","","","",""
"Tiktok","#lovesickgirl","Lagu2ny BP tuh maknany bagus2 ya, gua yg baru mengenal BP bbrpa bulan terakhir jd ngefans jg ni","4","","","",""
"Tiktok","#lovesickgirl","siapa yang kalo dengan lagu ini mau nangis ☝️☝️😔😔 aku aku..","2","","","",""
"Tiktok","#lovesickgirl","belum bisa move on dari lagu Blackpink karena artinya bikin galau terus🥺 kejadian di dunia nyata bangettttttt","2","","","",""
"Tiktok","#lovesickgirl","setiap denger lagu ini langsung nyentuh hati banget, kayak punya arti yang dalem banget.","2","","","",""
"Tiktok","#lovesickgirl","lalu untuk apa mencari cinta jika akhirnya kita ttp sendirian.","2","","","",""
"Tiktok","#lovesickgirl","knapa lagu ini di ciptakan bersamaan kepergian ibuku","2","","","",""
"Tiktok","#lovesickgirl","nyentuh hati banget lagu lovesik girl yang kek gini😭😭","2","","","",""
"Tiktok","#lovesickgirl","bukan blink, tapi suka banget sama lagu lovesick girls ini karena artinya deep banget","4","","","",""
"Tiktok","#lovesickgirl","gw aja yang baru jadi Blink langsung nangis denger lagu ini","2","","","",""
"Tiktok","#lovesickgirl","lagu kebangsaan blackpink kan ya, kangen banget sama blackpink deh","4","","","",""
"Tiktok","#lovesickgirl","Denger lagu ini ke inget masa masa nya blackpink jadi sedih dehh😭😭","2","","","",""
"Tiktok","#lifegoeson","Sangking kangenya sama bangtan gua sampe nyasar ke tahun 2022😫😭😭😭😭","2","","","",""
"Tiktok","#lifegoeson","aaaa candu banget suaranyaa thank you Bangtan dan army","1","","","",""
"Tiktok","#lifegoeson","terharu sekalii🥺🥰...Terimakasih Bangtan , terimakasih Army🥰sayang kalian banyak""","1","","","",""
"Tiktok","#lifegoeson","sensitif banget gua liat ginian aja mewek😭 pen banget bisa ada diantara army yang lain","2","","","",""
"Tiktok","#lifegoeson","liat mukanya BTS bahagia bangt","1","","","",""
"Tiktok","#lifegoeson","beruntung nya army kerana bts, beruntungnya bts kerana army 🥰 ","1","","","",""
"Tiktok","#lifegoeson","Kangen bangtann🥹,search video lama karna kangen bangetttttt😭😭💜💜💜","4","","","",""
"Tiktok","#lifegoeson","Berasa sihir tpi ini nyata dan v juga gk tau klo army bakalan nyanyi bareng mereka 🥺","4","","","",""
"Tiktok","#lifegoeson","sumpah belum bisa moveon dari momen ini,aaa setiap liat ini selalu nangis aku 😭","2","","","",""
"Tiktok","#lifegoeson","setiap lihat video ini suka nanggis terharu bgt😭 kalian hebat bangtan kalian keren army","2","","","",""
"Tiktok","#lifegoeson","kalo nangis gapapa kann?? kngn bngt era inii😕🥺","2","","","",""
"Tiktok","#lifegoeson","gw bakal jadi balik jadi kpopers lagi kalo bts comeback 🥰","1","","","",""
"Tiktok","#lifegoeson","pasti kalian lagi kangen Bangtan kan my ,sama🥺🥺","2","","","",""
"Tiktok","#lifegoeson","lagu life goes on emang senenangin itu🥰🥰🥰","1","","","",""
"Tiktok","#lifegoeson","aku balik lagi jadi army karena inget lagu ini😢","2","","","",""
"Tiktok","#lifegoeson","mood lg ancur ancurnya muter life goes on auto smile","1","","","",""
"Tiktok","#lifegoeson","wah keren, hampir semua lagu BTS mah punya makna yg dalam buat hidup kita sehari-hari","1","","","",""
"Tiktok","#lifegoeson","aku yg mood lagi hancur menjauh dari lagu ini. karna nangis dalam diam itu. 🙃","2","","","",""
"Tiktok","#lifegoeson","lagu nya motivasi tapi dikemas dengan musik yg beat dan bkin semngat 🥰","1","","","",""
"Tiktok","#lifegoeson","refleks nangis, lagi di posisi ini banget soalnya🙂","2","","","",""
"Tiktok","#lifegoeson","aku kalau lg g mood dengerin lagu yg 1 ini bener"" mood boster bgt 💜","1","","","",""
"Tiktok","#lifegoeson","alasan kenapa suka BTS, semua lagunya punya makn tertentu kalau dipahami artinya dalam semua☺️","1","","","",""
"Tiktok","#lifegoeson","semua lagu Bangtan dan member Bangtan bikin mood yg down bisa happy lagi 🥰🥰","1","","","",""
"Tiktok","#lifegoeson","Kalo denger lagu ini jadi tambah nangiis🥺 tapi inget dipesennya life goes on","2","","","",""
"Tiktok","#lisamoney","GILAK KEREN BANGET","1","","","",""
"Tiktok","#lisamoney","woii lisaa kerenn bgt gilaaaa😭","1","","","",""
"Tiktok","#lisamoney","sumpah Lisa gue keren buanget","1","","","",""
"Tiktok","#lisamoney","lisaaaaaa keren bgtt anjirrr,,💗💗😭😭","1","","","",""
"Tiktok","#lisamoney","lisa klau udah di panggung, ga ada lawan","1","","","",""
"Tiktok","#lisamoney","merinding bgt kek emg ada org se se special edition gini? btw keknya gw sndiri dri tahun 2024","1","","","",""
"Tiktok","#lisamoney","lisa ga kalahh kecehh and kerenn🤣","1","","","",""
"Tiktok","#lisamoney","gila Lisa keren banget Cok😭😭","1","","","",""
"Tiktok","#lisamoney","ingat yah gak semua yang kamu mau harus sesuai ekspektasi kamu","5","","","",""
"Tiktok","#lisamoney","yang mana siiihh anjirr gua gak bisa tidur dah gara gara ini pliss serius nanya (gak terima joks)","5","","","",""
"Tiktok","#lisamoney","mereka gk tau apa ""everyone silent"" itu semuany diam??","5","","","",""
"Tiktok","#lisamoney","NGERTI EVERYONE SILENT GASI","5","","","",""
"Tiktok","#lisamoney","seharusnya pas everyone silent ada yang bilang ""SEMUANYAA DIAMM""","5","","","",""
"Tiktok","#lisamoney","astaga pas lisa bilang ""everyone silent"" enggak lama gara gara masi ada yang teriak","5","","","",""
"Tiktok","#lisamoney","pada ngerti everyone silent ga sii","5","","","",""
"Tiktok","#lisamoney","NNAGISSS MAU LIAATTT LISAA JUGAAAAAAAAA","2","","","",""
"Tiktok","#lisamoney","KEREN BGT ANJAYYY","1","","","",""
"Tiktok","#lisamoney","momen di megang kamera kerenn bgttt😭🔥","1","","","",""
"Tiktok","#dream","lagunya sukses bikin gua nangis","2","","","",""
"Tiktok","#dream","niat mau nyanyi bentar pakek lagu ini eh malah... nangis ga sanggup nyanyi 😔","2","","","",""
"Tiktok","#dream","SUMPAH NI LAGU MASUK KE TOP 5,ENAK BGT","1","","","",""
"Tiktok","#dream","entah kenapa kalok denger lagu ini selalu nangis😞😞","2","","","",""
"Tiktok","#dream","latihan vocal pake lagu ini jadi pingin nangis😭😭","2","","","",""
"Tiktok","#biteme","cocok bgt sama konsep enha yang horor"" gtu, ternyata tempatnya juga emng horor😭","3","","","",""
"Tiktok","#biteme","DEMI TUHAN GUA ABIS LIAT MV NYA NANGIS TERUS MIMISAN DAN SKRG GBERANI LIAT LAGI🥹🙏🏻🙏🏻","3","","","",""
"Tiktok","#biteme","GILAA merinding bgt ngeliat konsep mv enhypen kali ini","3","","","",""
"Tiktok","#sulli","intro sulli serem banget pliss apalagi sullikan udah ga ada","3","","","",""
"Tiktok","#sulli","pls sulli merinding banget","3","","","",""
"Tiktok","#sulli","Merinding yg sulli woi Mana orgnya udh tenang lagi","3","","","",""
"Tiktok","#sulli","Sulli Merinding gila klo inget Udh meningal penyanyinya","3","","","",""
"Tiktok","#sulli","Asli gue denger nya aja berasa di hantuin","3","","","",""
"Tiktok","#newjeans","Njz bener bener lu yeee","5","","","",""
"Tiktok","#newjeans","GUA GAAKAN LUPA SM KEJADIAN INI YAA PLS","5","","","",""
"Tiktok","#newjeans","kok gd rasa bersalah nye ye mksdnya minta maaf trs lanjut speech kn bise kacauu","5","","","",""
"Tiktok","#newjeans","ga kasian sihh tapi pasti bete banget kalo di gituin padahal yang harus bicara eunchae","5","","","",""
"Tiktok","#newjeans","sekarang udah ketahuan bgt sikap member newjeans gak suka sama leserafim katanya le sserafim lebih di PRIORITAS kan, haha di kasih hati malah minta jantung, di tunggu klarifikasi nya","5","","","",""
"Tiktok","#newjeans","woyy pliss trending tagar SBS nya tentang Danielle supaya dapet keadilan woyy","5","","","",""
"Tiktok","#newjeans","kalo ga siap jadi idol ya udah, ga usah nyusahin fans 😠","5","","","",""
"Tiktok","#newjeans","anjjj, kenapaaaa siiiii jahat2 bgt","5","","","",""
"Tiktok","#newjeans","bunnies kan lu? ketauan banget dari tadi balesin komen org yg bela eunchae","5","","","",""
"Tiktok","#newjeans","eunchae udah kesel bgt itu jir","5","","","",""
"Tiktok","#newjeans","Mereka barengan itu tba2 hadehhhh udh ada yg jelasin itu","5","","","",""
"Tiktok","#MAMA","MERINDING KEREN BANGET OM-OM KEBANGGAAN GW😭","1","","","",""
"Tiktok","#MAMA","GIMANA GAK MENANG ORANG SEKEREN INI YA TUHAN PLISS AKU BANGGA BANGET BANGET BANGETTT URI SEBONGIE SARANGHAEEE 😭😭💗","1","","","",""
"Tiktok","#MAMA","mingyu pas noleh astaga cakep gila tolooongg g kuat😭😍😍","4","","","",""
"Tiktok","#MAMA","intro seventeen gaperlu diraguin lagii pasti kerenn😉","1","","","",""
"Tiktok","#MAMA","gila silau bgt dengan ketampanan😭😭","4","","","",""
"Tiktok","#MAMA","GILAA, KALIAN KEREN BANGETT SUAMI SUAMI AKUU 🥰😳😳","1","","","",""
"Tiktok","#MAMA","NONTON NYA SAMBIL TAHAN NAPAS😭 KREN BGTTTT HEYYY","1","","","",""
"Tiktok","#MAMA","MENYALA PARA SAYANG KUU🔥🔥❤️❤️❤️🫵🫶🏻🫶🏻🫵🥰😍","4","","","",""
"Tiktok","#MAMA","ANJERRR GUE MERINDING SEBADAN-BADAN, KEREN BANGAET GILAAA PECAHHH 😭🔥","1","","","",""
"Tiktok","#MAMA","baru opening aja udah keren banget omm ya ampunn😭😭😭","1","","","",""
"Tiktok","#MAMA","GILAKKK SUNGKEM BGT GUE SM STYLISH!!! 🙏🏼🙏🏼😫😭😭😭🛐🛐🛐🛐","1","","","",""
"Tiktok","#MAMA","seventeen gapernah gagal browww🤟","1","","","",""
"Tiktok","#MAMA","SPEECHLESS BANGET WOYY LAHH KERENNNN, BANGET SEBONGGGGG🙆🫶🏼","1","","","",""
"Tiktok","#MAMA","Keren banget woyy, mana beneran pakai robot lagi😭","1","","","",""
"Tiktok","#MAMA","ORGILLLL GANTENGGG BGTT WEHHH","1","","","",""
"Tiktok","#MAMA","KEREN BANGETTT, SELALU KERENNN😭😭😭","1","","","",""
"Tiktok","#MAMA","MAMA VERSI 2024 KEREN BANGET WOI 😻🤙","1","","","",""
"Tiktok","#Silent Night","Serem tapi kok nagih ya 😭","3","","","",""
"Tiktok","#Good Boy Gone Bad","Gila suasananya kayak film horror 😱","3","","","",""
"Tiktok","#Why Not?","Gak tau kenapa feel-nya tuh creepy parah 😰","3","","","",""
"Tiktok","#Voodoo Doll","Lagunya enak tapi auranya gelap bgt 😰","3","","","",""
"Tiktok","#Noir","Sumpah bagian ending bikin aku diem 😭","3","","","",""
"Tiktok","#LUNA","Kok bisa MV-nya segelap ini sih 😨","3","","","",""
"Tiktok","#Red","Aku nonton sambil tutup selimut 🥶","3","","","",""
"Tiktok","#Blood Sweat & Tears","Kaget banget pas adegan itu muncul 😭","3","","","",""
"Tiktok","#Pink Venom","Suaranya bagus tapi visualnya ngeri 😰","3","","","",""
"Tiktok","#Cry For Me","Beneran gak berani nonton ulang sendirian 😭","3","","","",""
"Tiktok","#Cheshire","Btw ini MV vibes-nya serem tapi elegan 👀","3","","","",""
"Tiktok","#Drunk-Dazed","Suaranya haunting bgt, asli takut 😱","3","","","",""
"Tiktok","#Lucifer","Kenapa efeknya harus seserem itu 😭","3","","","",""
"Tiktok","#Oh My God","Aku kira MV lucu, eh serem banget 😨","3","","","",""
"Tiktok","#Boca","Seremnya halus tapi nyesek di hati 😰","3","","","",""
"Tiktok","#God's Menu","Latar tempatnya kayak rumah hantu woy 😭","3","","","",""
"Tiktok","#Voodoo Doll","Ihhhh MVnya bikin merinding bener dah nyantai aja napa","3","","","",""
"Tiktok","#Voodoo Doll","Konsepp MVnya keren sih tapi rada seremmm yee","3","","","",""
"Tiktok","#PrettyPlease","GEMESHH, LUCUU CANTIKK BGGTT MENNN😭😭😭💗💗💗","4","","","",""
"Tiktok","#PrettyPlease","GILAAA sih, beneran jatuh cinta sama konsep MV ini 😍","4","","","",""
"Tiktok","#PrettyPlease","lama² enak bgt ini lagi pretty please, makinn cintaa dehhh","4","","","",""
"Tiktok","#PrettyPlease","stylishnya demen banget bikin dia keliatan kaya maknae 😭😭","4","","","",""
"Tiktok","#PrettyPlease","fresh banget konsep mereka nieee 💗","4","","","",""
"Tiktok","#PrettyPlease","tiap tampil dibikin penasaran sama outfit2 carmen dan pas ini langsung 😳,, ga bisa ngomong apa apa saking gemes sama lutchunyaaaaa😍","4","","","",""
"Tiktok","#PrettyPlease","gemes bgt maknae kadaluarsa🥰","4","","","",""
"Tiktok","#PrettyPlease","candu bgt sama anggukan kepalanya 😭😭","4","","","",""
"Tiktok","#PrettyPlease","outfitnya kenapa siii estetik muluu bayi2 inii 🥰","4","","","",""
"Tiktok","#PrettyPlease","LUCU BNGT LAGU NYA.. btw salfok baju ian mirip kayak baju moka pas lucky girl syndrome yaa😭🤍","4","","","",""
"Tiktok","#PrettyPlease","awal denger masih bingung... tp lama2 jd candu sama lagunya, cocok buat drakor keknya 😍","4","","","",""
"Tiktok","#PrettyPlease","dari kemarin masih terpana bgt sama bagiannya juun&a-na 🥰","4","","","",""
"Youtube","#PrettyPlease","Lagu pretty please gua ulang tiap hari saking enaknya 😂😂❤❤","4","","","",""
"Youtube","#PrettyPlease","Asli lagunya nagih banget, lagi bengong tbtb nowa hamkke, lagi mandi tbtb uri story intinya setiap bergerak pretty please","4","","","",""
"Youtube","#PrettyPlease","Dari Yuha ke yeon trus ke Carmen, beuuhh bro adem bener di telinga 🥰🥰","4","","","",""
"Youtube","#PrettyPlease","Bagus Lagunya sangat tenang dan damai era 2000 🎉🎉","4","","","",""
"Youtube","#PrettyPlease","Melody nya nyatu bngt jadi terbawa suasana KPop girly jaman dlu😭😭","4","","","",""
"Youtube","#PrettyPlease","Vibes yg bikin kangen, dengerin lagu kpop yg indah 🥰","4","","","",""
"Youtube","#PrettyPlease","Melody simpel musik"" simpel , bener"" mengenang KPop dulu, luar biasa ❤","4","","","",""
"Youtube","#PrettyPlease","Langsung ingatin kita snds sama s.e.s apalagi bagian ngerap nya itu khas zaman zaman snds bgt ❤😂","4","","","",""
"Youtube","#PrettyPlease","Lagu ini obat kangen vibes kpop gen 1 dan 2 😍🙆‍♀️","4","","","",""
"Youtube","#PrettyPlease","Dimulai dengan suara Yuha, benar benar merdu seperti era generasi 2","4","","","",""
"Tiktok","#Easy","benci lesserafim😡👎👎👎","5","","","",""
"Tiktok","#Easy","udh gk kaget orng agensi nya juga kyk gitu","5","","","",""
"Tiktok","#Easy","mana kalo di coachella suaranya berantakan lagi","5","","","",""
"Tiktok","#Easy","BARU KLI INI ADA GIRLGORUP YG NAJIS SE NAJIS KOTORAN ANJ🤣","5","","","",""
"Tiktok","#Easy","penyanyi yg tidak bisa menyanyi bukan penyanyi syg, kalau cuma mau menari jadi dancer aja","5","","","",""
"Tiktok","#Easy","yg awalnya gw dah ikhlas gfriend diganti mereka malah pengganti cewe² berbakat gue modelan tai anjing begini","5","","","",""
"Tiktok","#Easy","udah ni grup suara nya jelek, tuh si anggota nya yang bengek ada aja ulah nya hadehh disbanned aja ni gg","5","","","",""
"Tiktok","#Easy","beneran ga ada alasan yg baik buat membela mereka sih","5","","","",""
"Tiktok","#Easy","SNSD cape cape patahin stigma negatif ke Girl Group, malah dikatain sama fans GG ini, tai wkkwkw.","5","","","",""
"Tiktok","#Easy","Semakin memperjelas penistaan agamanya. Sejak kapan malaikat Serafim jadi fallen angel?","5","","","",""
"Tiktok","#Easy","iyanih, udah gak punya etika, gak bisa nyanyi, sok banget lagi 🤭. masa researchernya gak tau apa itu mahkota duri + ornamen suci yang mereka pake? grup gajelas 😂😂","5","","","",""
"Tiktok","#Easy","harusnya yg di salahin agency nya g sih ?","5","","","",""
"Tiktok","#Easy","GPP KBS LARANG AJA BIAR HYBE SADAR","5","","","",""
"Tiktok","#Easy","hei itu gereja???? ga ada tempat lain utk shooting kah? selain digereja?","5","","","",""
"Tiktok","#Easy","kok ga di take down ya padahal jelas bgt penistaan agama","5","","","",""
"Tiktok","#Easy","Saya sebagai orang katolik sangat tidak menyukai MV itu","5","","","",""
"Tiktok","#Easy","vocal sampah fans buta attitude sampah","5","","","",""
"Tiktok","#Easy","Kenapa sih harus sensual banget, padahal lagu dan vokalnya udah bagus tanpa begini 😠.","5","","","",""
"Tiktok","#Easy","Visual oke tapi konsepnya NO banget, malah bikin gak nyaman nontonnya 😠.","5","","","",""
"Tiktok","#Easy","Gak ngerti lagi sama agensinya, makin lama malah ngejual hal kayak gini 😡.","5","","","",""
"Tiktok","#Easy","Sumpah kaget banget pas liat MV ini, berasa bukan LE SSERAFIM 😩 kecewa parah.","5","","","",""
"Tiktok","#Easy","Siapa yang ngide konsep beginian? tolong next comeback jangan gini lagi 😡.","5","","","",""
"YouTube","#PIRI","Astaga openingnya bikin merinding, sumpah kaget banget 😭","3","","","",""
"TikTok","#PIRI","Baru liat MV-nya malem-malem, langsung ga bisa tidur 😭😭","3","","","",""
"YouTube","#PIRI","Serem tapi nagih, ini konsepnya dark banget sih 😨","3","","","",""
"TikTok","#PIRI","Kayak ada yang ngikutin pas bagian lagunya mulai 😭","3","","","",""
"YouTube","#PIRI","Setiap kali denger intro-nya langsung jantung berdebar 😨","3","","","",""
"YouTube","#VoodooDoll","Waduh ini MV ngeri bener, kenapa harus ada adegan jarum segala 😭","3","","","",""
"TikTok","#VoodooDoll","Gila MV-nya berasa nonton film horor, takut tapi keren 😱","3","","","",""
"YouTube","#VoodooDoll","Merinding sumpah, efeknya real banget 😭😭","3","","","",""
"TikTok","#VoodooDoll","Setiap kali nonton ulang, tetep aja deg-degan 🫣","3","","","",""
"YouTube","#VoodooDoll","Kok bisa yaaa serem tapi estetik banget ya, takut tapi ga bisa stop ","3","","","",""
"YouTube","#PeekABoo","Kok aku malah takut pas mereka senyum, serasa creepy banget 😭","3","","","",""
"TikTok","#PeekABoo","Vibenya manis tapi serem, aku bingung takut apa kagum 😭","3","","","",""
"YouTube","#PeekABoo","Lagu enak tapi MV-nya kaya ada jumpscare halus 😨","3","","","",""
"TikTok","#PeekABoo","Siapa yang nonton malem-malem sendirian? Ga berani lagi aku 😭","3","","","",""
"TikTok","#PeekABoo","Baru nyadar konsepnya serem banget pas rewatch, help 😭","3","","","",""
"YouTube","#Monster","Auranya gelap banget, kayak ditatap langsung sama monster-nya 😱","3","","","",""
"TikTok","#Monster","Visualnya keren tapi creepy parah, ngeri ngeliat ekspresinya 😭","3","","","",""
"YouTube","#Monster","Dari awal udah berasa tegang, kayak ada vibe possessed gitu 🫣","3","","","",""
"TikTok","#Monster","Suara beatnya bikin jantung deg-degan, berasa di horror movie 😭","3","","","",""
"YouTube","#VENOM","Efek cerminnya serem banget, berasa ada yang ngawasin 😨","3","","","",""
"TikTok","#VENOM","Ngeri banget pas bagian spider efeknya, aku langsung pause 😭","3","","","",""
"YouTube","#VENOM","Keren sih, tapi auranya DARKK banget sampe merinding beuutt","3","","","",""
"TikTok","#VENOM","GILAAA serasa ketarik ke dunia gelapnya mereka, takut tapi keren 😭","3","","","",""
"TikTok","#kpop","Lagu ini bikin aku senyum dari awal sampai akhir 😭💛","1","","","",""
"TikTok","#kpop","Gila sih vibes-nya, langsung bikin mood naik!","1","","","",""
"TikTok","#kpop","Dengerin ini pagi-pagi = hari jadi lebih ringan.","1","","","",""
"TikTok","#kpop","Reff-nya bikin joget sendiri wkwk.","1","","","",""
"TikTok","#kpop","Ini tipe lagu yang bikin hidup terasa oke lagi.","1","","","",""
"TikTok","#kpop","Baru 5 detik udah happy banget rasanya.","1","","","",""
"TikTok","#kpop","Nggak tau kenapa, lagu ini tuh cerah banget.","1","","","",""
"TikTok","#kpop","Kok bisa ya lagu sesimple ini bikin bahagia?","1","","","",""
"TikTok","#kpop","Yang denger ini sambil senyum-senyum sendiri, sini tos!","1","","","",""
"TikTok","#kpop","Rasanya kayak dapet kabar baik tiba-tiba.","1","","","",""
"TikTok","#kpop","Beat-nya bikin aku lupa masalah sebentar.","1","","","",""
"TikTok","#kpop","Lagu yang langsung bikin good day.","1","","","",""
"TikTok","#kpop","Ini sih definisi “healing lewat telinga”.","1","","","",""
"TikTok","#kpop","Baru bangun tidur langsung puter ini biar mood oke.","1","","","",""
"TikTok","#kpop","Nonton MV-nya bikin tambah bahagia.","1","","","",""
"TikTok","#kpop","Seneng banget ketemu lagu kayak gini di FYP.","1","","","",""
"TikTok","#kpop","Langsung masuk playlist “mood booster”.","1","","","",""
"TikTok","#kpop","Lagunya cerah, kayak hari libur dadakan.","1","","","",""
"TikTok","#kpop","Nggak bisa berhenti replay, bahagia banget.","1","","","",""
"TikTok","#kpop","Yang bikin lagu ini pasti lagi jatuh cinta wkwk.","1","","","",""
"TikTok","#kpop","Bikin pengen nari di dapur.","1","","","",""
"TikTok","#kpop","Ini lagu tuh good vibes banget sumpah.","1","","","",""
"TikTok","#kpop","Vocals-nya lembut tapi bikin senang.","1","","","",""
"TikTok","#kpop","Saat hidup chaos, lagu kayak gini nyelametin.","1","","","",""
"TikTok","#kpop","Bisa-bisanya lagu bikin aku senyum kayak orang bego.","1","","","",""
"TikTok","#kpop","Berasa lagi naik motor sore kena angin.","1","","","",""
"TikTok","#kpop","Lagu santai tapi nge-boost mood parah.","1","","","",""
"TikTok","#kpop","Bahagia sederhana ya kayak gini.","1","","","",""
"TikTok","#kpop","Bikin otak langsung cerah.","1","","","",""
"TikTok","#kpop","Baru pertama dengar udah ketagihan.","1","","","",""
"TikTok","#kpop","Ini lagu cocok buat roadtrip.","1","","","",""
"TikTok","#kpop","Pengen nari bareng temen kalau denger ini.","1","","","",""
"TikTok","#kpop","Bikin hidup kayak lebih ringan aja gitu.","1","","","",""
"TikTok","#kpop","Suasana langsung ceria pas intro masuk.","1","","","",""
"TikTok","#kpop","Kayak lagi jatuh cinta padahal enggak wkwk.","1","","","",""
"TikTok","#kpop","Ini lagu bikin pengen peluk semua orang.","1","","","",""
"TikTok","#kpop","Keren banget, bikin mood auto naik.","1","","","",""
"TikTok","#kpop","Fun banget lagunya!","1","","","",""
"TikTok","#kpop","Dengerin ini sambil kerja jadi semangat.","1","","","",""
"YouTube","#kpop","Lagu bahagia tanpa sebab namanya ini.","1","","","",""
"TikTok","#kpop","Kok bisa ya sesimpel ini tapi ngefek?","1","","","",""
"TikTok","#kpop","Lagunya bikin hari jadi manis.","1","","","",""
"TikTok","#kpop","Berasa kayak sunrise vibes.","1","","","",""
"TikTok","#kpop","Inilah alasan kenapa musik harus ada.","1","","","",""
"TikTok","#kpop","Energi positif banget.","1","","","",""
"TikTok","#kpop","Nggak ngerti lagi, ini beneran bikin happy.","1","","","",""
"TikTok","#kpop","Bikin senyum reflex.","1","","","",""
"TikTok","#kpop","Dengerin ini bikin pengen hidup lebih lama.","1","","","",""
"TikTok","#kpop","Bikin pengen nyanyi keras-keras.","1","","","",""
"TikTok","#kpop","Semoga yang bikin lagu ini bahagia terus.","1","","","",""
"TikTok","#kpop","Bikin kaki goyang sendiri.","1","","","",""
"TikTok","#kpop","Musiknya ceria tapi adem.","1","","","",""
"TikTok","#kpop","Bahagianya sederhana, cuma butuh lagu ini.","1","","","",""
"TikTok","#kpop","Beat drop-nya nagih.","1","","","",""
"TikTok","#kpop","Beneran kayak sunshine in a song.","1","","","",""
"TikTok","#kpop","Mood langsung 100/100 mantap cuyyyy","1","","","",""
"TikTok","#kpop","Pas masuk reff langsung senyum.","1","","","",""
"TikTok","#kpop","Cocok buat playlist pagi.","1","","","",""
"TikTok","#kpop","Ini vibes-nya kayak dapet gaji wkwk.","1","","","",""
"TikTok","#kpop","Lagu termanis minggu ini.","1","","","",""
"TikTok","#kpop","Enak banget sampai nggak bisa marah.","1","","","",""
"TikTok","#kpop","Dengerin ini bikin hati adem.","1","","","",""
"TikTok","#kpop","Tolong ini happy banget 😭","1","","","",""
"TikTok","#kpop","Nggak bisa benci lagu kayak gini.","1","","","",""
"TikTok","#kpop","Bawaannya pengen dancing.","1","","","",""
"TikTok","#kpop","Lagu bahagia paling effortless.","1","","","",""
"TikTok","#kpop","Setiap dengar, mood balik lagi.","1","","","",""
"TikTok","#kpop","Ini definisi bright vibe.","1","","","",""
"TikTok","#kpop","Funny dan cute banget lagunya.","1","","","",""
"TikTok","#kpop","Langsung bikin hidup terasa oke.","1","","","",""
"TikTok","#kpop","Auto senyum 20 menit.","1","","","",""
"TikTok","#kpop","Pas banget buat hari hujan biar cerah.","1","","","",""
"TikTok","#kpop","Reff-nya cheerful banget.","1","","","",""
"TikTok","#kpop","Kayak dapet peluk dari lagu.","1","","","",""
"TikTok","#kpop","Happy virus banget.","1","","","",""
"TikTok","#kpop","Harusnya lagu ini diputer di mall biar semua senang.","1","","","",""
"TikTok","#kpop","Denger 3 detik aja udah tau ini bagus.","1","","","",""
"TikTok","#kpop","Ini lagu kayak good news.","1","","","",""
"TikTok","#kpop","Wajib masuk playlist bahagia.","1","","","",""
"TikTok","#kpop","Kebahagiaanku sederhana, lagu ini aja.","1","","","",""
"TikTok","#kpop","Bisa-bisanya bikin aku joget di kursi.","1","","","",""
"TikTok","#kpop","Ini happy-core banget.","1","","","",""
"TikTok","#kpop","Bikin lupa kalau hidup capek.","1","","","",""
"TikTok","#kpop","Lagu yang cocok buat senja ceria.","1","","","",""
"TikTok","#kpop","Vibes-nya uplifting parah.","1","","","",""
"TikTok","#kpop","This is serotonin booster.","1","","","",""
"TikTok","#kpop","Setiap notenya tuh sunshine.","1","","","",""
"TikTok","#kpop","Lagu yang bisa nyembuhin mood jelek.","1","","","",""
"TikTok","#kpop","Positif banget auranya.","1","","","",""
"TikTok","#kpop","Ini musik kayak pelukan hangat.","1","","","",""
"TikTok","#kpop","Bahagia kecil tapi nyata.","1","","","",""
"TikTok","#kpop","Lagu yang selalu bikin aku tersenyum.","1","","","",""
"TikTok","#kpop","Cuma musik tapi bikin hati lega.","1","","","",""
"TikTok","#kpop","Vibes “hidup itu lucu dan baik-baik aja kadang”.","1","","","",""
"TikTok","#kpop","Nggak cape-cape replay.","1","","","",""
"TikTok","#kpop","Ajaib banget lagu bisa se-happy ini.","1","","","",""
"TikTok","#kpop","Ini tuh bright energy.","1","","","",""
"TikTok","#kpop","Dengerin ini di perjalanan = perfection.","1","","","",""
"TikTok","#kpop","Mood langsung improve 300%.","1","","","",""
"TikTok","#kpop","Makasih buat lagu yang bikin hari ceria!","1","","","",""
"TikTok","#kpop","Lagu ini bikin hati kerasa kosong banget.","2","","","",""
"TikTok","#kpop","Baru dengar 10 detik udah pengen nangis.","2","","","",""
"TikTok","#kpop","Kenapa lagu sedih selalu muncul pas lagi rapuh ya.","2","","","",""
"TikTok","#kpop","Reff-nya nusuk parah, gak kuat.","2","","","",""
"TikTok","#kpop","Ini lagu kayak nyeritain apa yang gak bisa aku omongin.","2","","","",""
"TikTok","#kpop","Denger ini berasa dipeluk tapi juga ditinggal.","2","","","",""
"TikTok","#kpop","Nggak tau kenapa, lagu ini nyakitin dengan cara lembut.","2","","","",""
"TikTok","#kpop","Tiba-tiba kepikiran semua hal yang belum kelar.","2","","","",""
"TikTok","#kpop","Ini lagu kayak buka luka lama.","2","","","",""
"TikTok","#kpop","Nangis tanpa sadar pas bagian ini masuk.","2","","","",""
"TikTok","#kpop","Sumpah suara penyanyinya kayak ngerti rasa sakitku.","2","","","",""
"TikTok","#kpop","Capek tapi tetap dengerin karena relate.","2","","","",""
"TikTok","#kpop","Lagu yang bikin pengen tidur biar lupa semuanya.","2","","","",""
"TikTok","#kpop","Kayak lagi hujan di dalam hati.","2","","","",""
"TikTok","#kpop","Padahal cuma lagu, tapi rasanya berat banget.","2","","","",""
"TikTok","#kpop","Ini tipe lagu yang cuma bisa didenger pas sendirian.","2","","","",""
"TikTok","#kpop","Bikin nyesek tanpa alasan.","2","","","",""
"TikTok","#kpop","Feel-nya terlalu dekat sama hidupku.","2","","","",""
"TikTok","#kpop","Sedihnya elegan banget, nyampe ke tulang.","2","","","",""
"TikTok","#kpop","Kenapa sih lagu sedih tuh selalu paling jujur.","2","","","",""
"TikTok","#kpop","Reff-nya bikin kangen orang yang nggak balik.","2","","","",""
"TikTok","#kpop","Waduh, air mata langsung turun.","2","","","",""
"TikTok","#kpop","Ini lagu bikin hati remuk halus.","2","","","",""
"TikTok","#kpop","Cocok didenger jam 2 pagi pas hidup terasa hancur.","2","","","",""
"TikTok","#kpop","Jujur, ini terlalu identik sama kisahku.","2","","","",""
"TikTok","#kpop","Lagu ini tuh kayak “semua baik-baik saja” tapi sebenarnya enggak.","2","","","",""
"TikTok","#kpop","Sakit tapi nagih.","2","","","",""
"TikTok","#kpop","Suasana lagunya bikin dada berat.","2","","","",""
"TikTok","#kpop","Kenapa harus ada lagu sebagus dan sesakit ini.","2","","","",""
"TikTok","#kpop","Andai suara bisa nangis, pasti mirip lagu ini.","2","","","",""
"TikTok","#kpop","Kayak ditemani rasa sedih yang aku pura-pura nggak ada🫰🏻🫰🏻","2","","","",""
"TikTok","#kpop","Bikin inget orang yang udah nggak bisa dihubungi.","2","","","",""
"TikTok","#kpop","Kasarnya, lagu ini nyayat tapi pelan-pelan.","2","","","",""
"TikTok","#kpop","Denger ini sambil liatin langit aja udah hancur.","2","","","",""
"TikTok","#kpop","Nyesek tapi nyaman, aneh banget.","2","","","",""
"TikTok","#kpop","Ini lagu kayak pesan terakhir.","2","","","",""
"TikTok","#kpop","Sakitnya rapi banget.","2","","","",""
"TikTok","#kpop","Kayak ditinggal di waktu yang salah.","2","","","",""
"TikTok","#kpop","Intro-nya aja udah bikin mau nangis.","2","","","",""
"TikTok","#kpop","Kok bisa ya musik ngasih rasa sesendu ini.","2","","","",""
"TikTok","#kpop","Reff-nya bikin kangen hal yang gak pernah selesai.","2","","","",""
"YouTube","#kpop","Senandung sedih yang nggak bisa ditolak.","2","","","",""
"TikTok","#kpop","Ini lagu kayak pelan-pelan bilang “gapapa nangis”.","2","","","",""
"TikTok","#kpop","Lagu yang bikin kamu sadar kamu belum move on.","2","","","",""
"TikTok","#kpop","Rasa sesaknya tuh nyata.","2","","","",""
"TikTok","#kpop","Diputar sekali langsung masuk playlist patah hati.","2","","","",""
"TikTok","#kpop","Ini bukan lagu, ini surat perpisahan.","2","","","",""
"TikTok","#kpop","Kayak ada angin dingin masuk ke dada.","2","","","",""
"TikTok","#kpop","Sedihnya gak meledak, tapi terus nyetir hati.😭","2","","","",""
"TikTok","#kpop","Tiba-tiba kepikiran semua kehilangan.","2","","","",""
"TikTok","#kpop","Ini lagu bikin ruang kamar terasa lebih sunyi.","2","","","",""
"TikTok","#kpop","Pas bagian ini masuk aku langsung diem.","2","","","",""
"TikTok","#kpop","Gak kuat dengernya tapi gak bisa stop.","2","","","",""
"TikTok","#kpop","Kayak seseorang bilang selamat tinggal tanpa suara.","2","","","",""
"TikTok","#kpop","Lagu ini tuh seperti “aku baik-baik saja” versi bohong.","2","","","",""
"TikTok","#kpop","Bikin nahan napas saking sedihnya.","2","","","",""
"TikTok","#kpop","Melodinya melow banget, nusuk.","2","","","",""
"TikTok","#kpop","Ini lagu kayak curhat yang nggak selesai-selesai.","2","","","",""
"TikTok","#kpop","Kayak hujan yang jatuhnya pelan tapi nggak berhenti.","2","","","",""
"YouTube","#kpop","Rasanya kayak kehilangan sesuatu yang nggak bisa dijelasin.","2","","","",""
"TikTok","#kpop","Setiap liriknya tuh kayak realita pahit.","2","","","",""
"TikTok","#kpop","Kenangan buruk langsung kebangkit lagi nih. 💗","2","","","",""
"TikTok","#kpop","Lagu ini bukan cuma sedih, tapi nyentuh banget.","2","","","",""
"TikTok","#kpop","Berasa ditarik balik ke masa yang gak pengen diinget.","2","","","",""
"TikTok","#kpop","Ada luka yang kebuka cuma karena satu lagu.","2","","","",""
"TikTok","#kpop","Ini yang namanya sedih yang manis.","2","","","",""
"TikTok","#kpop","Yang senyum sambil nangis gara-gara lagu ini, salam.","2","","","",""
"TikTok","#kpop","Kayak ngeliat diri sendiri yang dulu.","2","","","",""
"TikTok","#kpop","Lagu ini bikin aku sadar aku masih sakit.","2","","","",""
"YouTube","#kpop","Reff-nya tuh kayak “kamu akan baik-baik saja” tapi ternyata enggak.","2","","","",""
"YouTube","#kpop","Suasana redup banget, cocok di malam sunyi.","2","","","",""
"YouTube","#kpop","Sakitnya tuh halus tapi dalem.","2","","","",""
"YouTube","#kpop","Ini lagu kayak nunggu seseorang yang gak bakal balik.","2","","","",""
"YouTube","#kpop","Berasa ditinggal tanpa penjelasan.","2","","","",""
"YouTube","#kpop","Nyeseknya rapi, gak drama tapi dalem.","2","","","",""
"TikTok","#kpop","Sad but comforting, weirdly.","2","","","",""
"YouTube","#kpop","Denger ini langsung hening.","2","","","",""
"YouTube","#kpop","Kayak ada bobot di dada setiap denger beat-nya.","2","","","",""
"YouTube","#kpop","Aku gak nangis, cuma ada debu… banyak…","2","","","",""
"YouTube","#kpop","Lagu yang paling kelam tapi indah.","2","","","",""
"YouTube","#kpop","Denger ini bikin hati kaya runtuh perlahan. 🫰🏻🫰🏻","2","","","",""
"TikTok","#kpop","Liriknya jujur banget sampai sakit.","2","","","",""
"YouTube","#kpop","Kenapa sedih selalu punya lagu sebagus ini.","2","","","",""
"YouTube","#kpop","Ini kayak soundtrack kehilangan.","2","","","",""
"YouTube","#kpop","Rasa kosongnya nyampe banget.","2","","","",""
"YouTube","#kpop","Lagu ini bikin aku ngaku kalau aku gak baik-baik aja.","2","","","",""
"YouTube","#kpop","Sedihnya tuh dewasa banget, bukan lebay.","2","","","",""
"YouTube","#kpop","Kayak momen terakhir sama seseorang.","2","","","",""
"YouTube","#kpop","Ini lagu bikin aku diem lama setelah selesai.","2","","","",""
"YouTube","#kpop","Bikin ngerasa sendirian meski lagi rame.","2","","","",""
"YouTube","#kpop","Melownya elegan banget.","2","","","",""
"YouTube","#kpop","Rasanya kayak berusaha kuat padahal rapuh.","2","","","",""
"YouTube","#kpop","Ini lagu kayak bilang “udah, lepasin aja”.","2","","","",""
"YouTube","#kpop","Pecah banget emosinya emang terbaik member newjeans.","2","","","",""
"YouTube","#kpop","Siapa pun yang bikin ini pasti pernah patah parah.","2","","","",""
"YouTube","#kpop","Air mata turun tanpa izin.","2","","","",""
"YouTube","#kpop","Ini lagu bikin aku inget versi diriku yang hancur.","2","","","",""
"YouTube","#kpop","Sedihnya lembut tapi mematikan.","2","","","",""
"TikTok","#kpop","Cocok buat nangis tanpa suara di kamar gelap.","2","","","",""
"TikTok","#kpop","Makasih sudah bikin lagu yang nyakitin tapi indah.","2","","","",""
"TikTok","#kpop","Kok lagu ini bikin merinding ya, padahal nggak ada apa-apa.","3","","","",""
"TikTok","#kpop","Vibes-nya gelap banget, sumpah jadi takut sendiri.","3","","","",""
"YouTube","#kpop","Ada rasa nggak enak tiap denger bagian ini.","3","","","",""
"TikTok","#kpop","Lagu ini kayak soundtrack mimpi buruk.","3","","","",""
"TikTok","#kpop","Entah kenapa aku deg-degan pas dengerin.","3","","","",""
"TikTok","#kpop","Musiknya bikin kayak ada yang ngeliatin.","3","","","",""
"TikTok","#kpop","Ini lagunya serem tapi nagih.","3","","","",""
"TikTok","#kpop","Kok kayak ada bisikan halus di background…","3","","","",""
"YouTube","#kpop","Bait pertama aja udah unsettling.","3","","","",""
"TikTok","#kpop","Jujur takut tapi tetep replay.","3","","","",""
"TikTok","#kpop","Lagu ini berasa kayak masuk lorong gelap sendirian.","3","","","",""
"TikTok","#kpop","Atmosfernya creepy banget.","3","","","",""
"TikTok","#kpop","Suaranya kayak dari jauh tapi deket.","3","","","",""
"TikTok","#kpop","Bikin ngerasa nggak aman.","3","","","",""
"YouTube","#kpop","Vibes-nya kayak film horror kelas atas.","3","","","",""
"TikTok","#kpop","Deg-degan nggak jelas.","3","","","",""
"TikTok","#kpop","Kok bisa ya musik bikin paranoid.","3","","","",""
"TikTok","#kpop","Bagian instrumentalnya sumpah gelap banget.","3","","","",""
"TikTok","#kpop","Ini lagu kayak peringatan sebelum sesuatu terjadi.","3","","","",""
"TikTok","#kpop","Bikin rasa cemas naik tanpa alasan.","3","","","",""
"TikTok","#kpop","Kayak ada tensi yang nggak pernah dilepas.","3","","","",""
"TikTok","#kpop","Lagu ini bikin aku ngerasa sendirian padahal enggak😭","3","","","",""
"TikTok","#kpop","Atmosfernya “bahaya lagi deket” banget.","3","","","",""
"TikTok","#kpop","Bikin bulu kuduk berdiri tiap reff.","3","","","",""
"TikTok","#kpop","Suara penyanyinya haunting parah.","3","","","",""
"TikTok","#kpop","Ini lagu kayak nyeret kamu ke tempat yang gelap.","3","","","",""
"TikTok","#kpop","Jujur ngeri kalau denger di malam hari.","3","","","",""
"TikTok","#kpop","Kayak ada yang bisik-bisik di belakang.","3","","","",""
"TikTok","#kpop","Vibes-nya bad omen.","3","","","",""
"TikTok","#kpop","Musiknya bikin ngerasa kayak ada yang bakal terjadi.","3","","","",""
"TikTok","#kpop","Lagu ini kayak detak jantung pas panik.","3","","","",""
"TikTok","#kpop","Cemas banget dengernya.","3","","","",""
"TikTok","#kpop","Bagian beat drop-nya bikin aku kaget banget.","3","","","",""
"TikTok","#kpop","Kenapa suasananya kayak ancaman gitu.","3","","","",""
"TikTok","#kpop","Lagu ini creepy tapi mahal.","3","","","",""
"TikTok","#kpop","Ini kayak perasaan tidak aman versi musik.","3","","","",""
"TikTok","#kpop","Kerasa gelapnya sampai ke dada.","3","","","",""
"TikTok","#kpop","Kok rasanya kayak ada bayangan lewat.","3","","","",""
"TikTok","#kpop","Lagu ini bikin aku ngedenger suara yang nggak ada.","3","","","",""
"TikTok","#kpop","Instrumental-nya kayak ritual aneh.","3","","","",""
"TikTok","#kpop","Ada sensasi “lari” padahal cuma duduk.","3","","","",""
"TikTok","#kpop","Ketegangannya gak enak tapi nagih.","3","","","",""
"TikTok","#kpop","Ini soundtrack anxiety.","3","","","",""
"TikTok","#kpop","Denger ini malam-malam bukan ide bagus.","3","","","",""
"TikTok","#kpop","Kok suara latarnya kayak langkah kaki.","3","","","",""
"TikTok","#kpop","Vibes-nya kayak dikejar sesuatu.","3","","","",""
"TikTok","#kpop","Lagu yang bikin kamu noleh ke belakang.","3","","","",""
"TikTok","#kpop","Ini lagu bikin ruangan kerasa dingin.","3","","","",""
"TikTok","#kpop","Beneran gak nyaman tapi gak bisa stop.","3","","","",""
"TikTok","#kpop","Kayak nonton thriller yang tegang terus.","3","","","",""
"TikTok","#kpop","Denyutan bass-nya bikin jantung ngikut tegang.","3","","","",""
"TikTok","#kpop","Lagu ini kerasa kayak bahaya pelan-pelan datang.","3","","","",""
"TikTok","#kpop","Vokalnya terlalu tenang sampai serem.","3","","","",""
"TikTok","#kpop","Kayak ada yang berbisik “awas”.","3","","","",""
"TikTok","#kpop","Ini musiknya kayak hujan badai mau datang.  😨","3","","","",""
"TikTok","#kpop","Denger ini pake headset rasa takutnya dua kali lipat.","3","","","",""
"TikTok","#kpop","Seram tapi satisfying.","3","","","",""
"TikTok","#kpop","Kayak masuk rumah kosong yang lampunya mati.","3","","","",""
"TikTok","#kpop","Ada getaran aneh yang bikin ngeri.","3","","","",""
"TikTok","#kpop","Lagu ini bener-bener triggering sense of dread.","3","","","",""
"TikTok","#kpop","Suasananya tegang dari awal sampe akhir.","3","","","",""
"TikTok","#kpop","Bikin aku tahan napas saking takutnya.","3","","","",""
"TikTok","#kpop","Kok bisa lagu sehalus ini kerasa menakutkan.","3","","","",""
"TikTok","#kpop","Ada nada minor yang bikin merinding.","3","","","",""
"TikTok","#kpop","Kayak ada bahaya yang gak kelihatan.","3","","","",""
"TikTok","#kpop","Lagu ini bikin aku ngeliat bayangan gak jelas.","3","","","",""
"TikTok","#kpop","Dejavu serem gara-gara musiknya.","3","","","",""
"TikTok","#kpop","Vibes-nya kayak mimpi buruk yang lambat.","3","","","",""
"TikTok","#kpop","Kok kerasa kayak ruangan jadi kecil.","3","","","",""
"TikTok","#kpop","Ada terror halus di setiap beat serem si.","3","","","",""
"TikTok","#kpop","Denger ini bikin aku cek jendela dulu.","3","","","",""
"TikTok","#kpop","Kayak ada sesuatu di balik pintu.","3","","","",""
"TikTok","#kpop","Lagu ini kayak adegan sebelum jumpscare 😨","3","","","",""
"TikTok","#kpop","Seram tapi aesthetic mantap","3","","","",""
"TikTok","#kpop","Kok dada rasanya sesak ya denger ini.","3","","","",""
"TikTok","#kpop","Kayak lagi jalan sendiri di jalan gelap.","3","","","",""
"TikTok","#kpop","Ini vibesnya survival horror.","3","","","",""
"TikTok","#kpop","Ada gemuruh pelan yang bikin anxious.","3","","","",""
"TikTok","#kpop","Vokalnya spooky level classy.","3","","","",""
"YouTube","#kpop","Lagu ini kayak ancaman yang dibungkus cantik.","3","","","",""
"YouTube","#kpop","Suasana takutnya halus tapi nyata.","3","","","",""
"YouTube","#kpop","Kayak ada yang mengawasi dari jauh.","3","","","",""
"YouTube","#kpop","Bass-nya kerasa kayak langkah berat.","3","","","",""
"YouTube","#kpop","Lagu yang bikin kita gak nyaman tapi ketagihan.","3","","","",""
"YouTube","#kpop","Ada energi gelap yang kuat banget.","3","","","",""
"YouTube","#kpop","Kok mirip soundtrack seseorang hilang.","3","","","",""
"YouTube","#kpop","Ini lagu tuh kayak senyum yang gak tulus, ngeri.","3","","","",""
"YouTube","#kpop","Reff-nya kayak warning keras.","3","","","",""
"YouTube","#kpop","Aku merinding literally.","3","","","",""
"YouTube","#kpop","Kayak ada yang bisik “jangan lihat ke belakang”.","3","","","",""
"YouTube","#kpop","Sonic atmosphere-nya bikin cemas.","3","","","",""
"YouTube","#kpop","Beneran kerasa kayak apocalypse vibe.","3","","","",""
"TikTok","#kpop","Lagu ini ngebangun rasa takut pelan-pelan.","3","","","",""
"TikTok","#kpop","Instrumental ominous banget.","3","","","",""
"TikTok","#kpop","Kayak alarm bahaya tapi bentuk musik.","3","","","",""
"TikTok","#kpop","Vokal layering-nya spooky parah.","3","","","",""
"TikTok","#kpop","Ini bukan lagu, ini peringatan.","3","","","",""
"TikTok","#kpop","Langsung noleh kiri kanan pas denger.","3","","","",""
"TikTok","#kpop","Takut banget tapi nggak bisa skip.","3","","","",""
"TikTok","#kpop","Kenapa lagu ini bikin aku ngerasa nggak sendirian.","3","","","",""
"TikTok","#kpop","Lagu ini bikin aku pengen jatuh cinta lagi.","4","","","",""
"TikTok","#kpop","Reff-nya manis banget sampe hati meleleh.","4","","","",""
"TikTok","#kpop","Kayak ada kupu-kupu tiap denger bagian ini.","4","","","",""
"TikTok","#kpop","Suaranya lembut banget, berasa dipeluk.","4","","","",""
"TikTok","#kpop","Ini lagu kayak lagi ngeliat orang yang kamu suka dari jauh.","4","","","",""
"TikTok","#kpop","Jujur, kalau ada yang nyanyi ini buat aku, aku langsung luluh.","4","","","",""
"TikTok","#kpop","Romance vibes-nya halus tapi nempel.","4","","","",""
"TikTok","#kpop","Kayak lagi senyum-senyum mikirin seseorang.","4","","","",""
"TikTok","#kpop","Lagu ini tuh hangat banget rasanya.","4","","","",""
"TikTok","#kpop","Bikin ingat orang yang bikin hidup lebih ringan.","4","","","",""
"TikTok","#kpop","Ini versi musik dari “aku suka kamu”.","4","","","",""
"TikTok","#kpop","Romantis tapi elegan banget.","4","","","",""
"TikTok","#kpop","Denger ini langsung pengen gandeng tangan seseorang.","4","","","",""
"TikTok","#kpop","Lagu yang bikin hati penuh.","4","","","",""
"TikTok","#kpop","Lembutnya bikin hati tenang.","4","","","",""
"TikTok","#kpop","Kayak jatuh cinta pertama kali.","4","","","",""
"TikTok","#kpop","Rasanya kayak nunggu pesan dari orang spesial.","4","","","",""
"TikTok","#kpop","Bikin kangen seseorang yang belum tentu tau kita suka dia.","4","","","",""
"TikTok","#kpop","Manisnya pas banget, nggak lebay.","4","","","",""
"TikTok","#kpop","Ini tipe lagu yang bikin kamu ngaku kalau lagi suka sama orang.","4","","","",""
"TikTok","#kpop","Warm vibes yang bikin hati ngehang.","4","","","",""
"TikTok","#kpop","Setiap liriknya kayak puisi kecil.","4","","","",""
"TikTok","#kpop","Ini lagu cocok banget buat crush moment.","4","","","",""
"TikTok","#kpop","Kayak ada cahaya lembut di dada.","4","","","",""
"TikTok","#kpop","Lagu yang bikin dunia terasa lebih lembut.","4","","","",""
"TikTok","#kpop","Denger ini sambil liat langit = love.","4","","","",""
"TikTok","#kpop","Reff-nya kayak pelukan yang lama.","4","","","",""
"TikTok","#kpop","Lagu yang bisa bikin kamu percaya cinta itu ada.","4","","","",""
"TikTok","#kpop","Vibes-nya sweet tapi dewasa.","4","","","",""
"TikTok","#kpop","Pengen banget ada yang nyanyiin ini buat aku.","4","","","",""
"TikTok","#kpop","Ini lagu kayak senyum malu-malu.","4","","","",""
"TikTok","#kpop","Bikin ingat semua hal kecil yang bikin jatuh cinta.","4","","","",""
"TikTok","#kpop","Musiknya kayak semangat yang pelan tapi manis.","4","","","",""
"TikTok","#kpop","Ini cocok buat nembak seseorang.","4","","","",""
"TikTok","#kpop","Kayak jalan sore sambil pegangan tangan.","4","","","",""
"TikTok","#kpop","Reff-nya bikin hati bergetar.","4","","","",""
"TikTok","#kpop","Romantisnya bukan maksa, tapi natural.","4","","","",""
"TikTok","#kpop","Ini lagu bikin aku ngerasa dicintai padahal enggak.","4","","","",""
"TikTok","#kpop","Sweet-nya dapet banget.","4","","","",""
"TikTok","#kpop","Cocok buat first date vibe.","4","","","",""
"TikTok","#kpop","Bikin pipi panas sendiri.","4","","","",""
"TikTok","#kpop","Lagu yang terasa kayak “aku milih kamu”.","4","","","",""
"TikTok","#kpop","Ada spark tiap beat-nya.","4","","","",""
"TikTok","#kpop","Kayak ngerasain cinta versi paling lembut.","4","","","",""
"TikTok","#kpop","Cocok banget buat playlist falling in love.","4","","","",""
"TikTok","#kpop","Romantis tapi classy.","4","","","",""
"TikTok","#kpop","Cinta versi slow dan hangat.","4","","","",""
"TikTok","#kpop","Reff-nya kayak pelukan di bahu.","4","","","",""
"YouTube","#kpop","Lagu yang bikin kamu berani ngomong “aku suka kamu”.","4","","","",""
"YouTube","#kpop","Bikin hati berdebar halus.","4","","","",""
"YouTube","#kpop","Ini lagu kayak cerita cinta sederhana tapi indah.","4","","","",""
"YouTube","#kpop","Denger ini sambil senyum gak sadar.","4","","","",""
"YouTube","#kpop","Tipe lagu yang bikin kamu pengen kasih bunga ke seseorang.","4","","","",""
"YouTube","#kpop","Vibes-nya cozy banget.","4","","","",""
"YouTube","#kpop","Sweetness-nya wholesome.","4","","","",""
"YouTube","#kpop","Kayak dua orang saling suka tapi malu ngomong.","4","","","",""
"YouTube","#kpop","Ada cinta di tiap nadanya.","4","","","",""
"YouTube","#kpop","Denger ini sambil bayangin masa depan wkwk.","4","","","",""
"YouTube","#kpop","Ini lagu bikin aku percaya cinta manis itu real.","4","","","",""
"YouTube","#kpop","Gak tau kenapa, hati aku lembut denger ini.","4","","","",""
"YouTube","#kpop","Kayak pagi cerah bareng orang kamu suka.","4","","","",""
"TikTok","#kpop","Ini tuh cinta yang kalem.","4","","","",""
"TikTok","#kpop","Liriknya bikin hati meleleh pelan.","4","","","",""
"TikTok","#kpop","Cocok buat nari pelan sama pasangan.","4","","","",""
"TikTok","#kpop","Rasanya hangat banget, kayak selimut.","4","","","",""
"TikTok","#kpop","Ini lagu kayak ketemu tatapan yang bikin gugup.","4","","","",""
"TikTok","#kpop","Romance energy-nya tinggi.","4","","","",""
"TikTok","#kpop","Bikin aku pengen punya love story juga.","4","","","",""
"TikTok","#kpop","Kayak dicintai dengan sabar.","4","","","",""
"TikTok","#kpop","Lembut banget, gak kuat.","4","","","",""
"TikTok","#kpop","Lagu ini kayak senyum orang yang kamu suka.","4","","","",""
"TikTok","#kpop","Rasanya kayak dipeluk tanpa disentuh.","4","","","",""
"TikTok","#kpop","Manisnya gak ada obat.","4","","","",""
"TikTok","#kpop","Lagu yang cocok buat love confession.","4","","","",""
"TikTok","#kpop","Reff-nya bikin hati melting.","4","","","",""
"TikTok","#kpop","Sweet but mature vibes.","4","","","",""
"TikTok","#kpop","Romantis tapi nggak cringe.","4","","","",""
"TikTok","#kpop","Tiba-tiba pengen nonton sunset bareng seseorang.","4","","","",""
"TikTok","#kpop","Bikin aku inget betapa indahnya jatuh cinta.","4","","","",""
"TikTok","#kpop","Kayak ada cahaya hangat di dada tiap denger ini.","4","","","",""
"TikTok","#kpop","Denger ini bikin hal-hal kecil jadi terasa berarti.","4","","","",""
"TikTok","#kpop","Vokalnya intimate banget.","4","","","",""
"TikTok","#kpop","Ini kalo buat wedding slow dance sih pas banget.","4","","","",""
"TikTok","#kpop","Kayak ngebayangin dipandang dengan penuh sayang.","4","","","",""
"TikTok","#kpop","Bikin hati gemas rasanya.","4","","","",""
"TikTok","#kpop","Ini lagunya cinta yang gentle.","4","","","",""
"TikTok","#kpop","Kayak seseorang bilang “aku sayang kamu” tanpa ngomong.","4","","","",""
"TikTok","#kpop","Bikin perut ada butterfly-nya.","4","","","",""
"TikTok","#kpop","Lagu cinta paling lembut tahun ini.","4","","","",""
"TikTok","#kpop","Vibes-nya kayak hubungan yang sehat dan hangat.","4","","","",""
"TikTok","#kpop","Manisnya deep tapi simple.","4","","","",""
"TikTok","#kpop","Ini lagu kayak navigasi jatuh cinta pelan-pelan.","4","","","",""
"TikTok","#kpop","Cocok buat ngirim ke crush rahasia.","4","","","",""
"TikTok","#kpop","Aduh, soft banget rasanya.","4","","","",""
"TikTok","#kpop","Bikin pengen nempel sama pasangan semalaman.","4","","","",""
"TikTok","#kpop","Love story vibes 10/10.","4","","","",""
"TikTok","#kpop","Kalau cinta punya suara, mungkin kayak gini.","4","","","",""
"TikTok","#kpop","Ini lagu bikin hati aku tersenyum.","4","","","",""
"TikTok","#kpop","Kayak dicintai tanpa syarat.","4","","","",""
"TikTok","#kpop","Terima kasih untuk lagu yang bikin aku percaya cinta itu indah.","4","","","",""
"TikTok","#kpop","Lagu ini bikin emosi naik lagi padahal udah tenang.","5","","","",""
"TikTok","#kpop","Reff-nya marah banget, gue suka.","5","","","",""
"TikTok","#kpop","Vokalnya kerasa kayak teriak dari hati.","5","","","",""
"TikTok","#kpop","Ini lagu cocok buat ngelepas kemarahan yang ditahan.","5","","","",""
"TikTok","#kpop","Beat-nya beneran kayak napas orang lagi kesel.","5","","","",""
"TikTok","#kpop","Liriknya nusuk banget, nyindir tapi keras.","5","","","",""
"TikTok","#kpop","Lagu yang bikin kamu pengen ngomong: “udah cukup.”","5","","","",""
"TikTok","#kpop","Energinya agresif tapi satisfying.","5","","","",""
"TikTok","#kpop","Bikin inget semua orang yang pernah bikin sakit hati.","5","","","",""
"TikTok","#kpop","Reff-nya keras banget, kayak mau meledak.","5","","","",""
"TikTok","#kpop","Ini lagu cocok buat marah elegan.","5","","","",""
"TikTok","#kpop","Rasanya kayak ngebuang semua emosi kotor.","5","","","",""
"TikTok","#kpop","Bikin kepalan tangan otomatis kenceng.","5","","","",""
"YouTube","#kpop","Lagu ini kayak pintu terakhir sebelum meledak.","5","","","",""
"YouTube","#kpop","Bass-nya bikin dada panas.","5","","","",""
"YouTube","#kpop","Perfect buat teriak tanpa suara.","5","","","",""
"YouTube","#kpop","Setiap beat-nya kayak nyindir hidup.","5","","","",""
"YouTube","#kpop","Beneran enak buat ngeluarin uneg-uneg.","5","","","",""
"YouTube","#kpop","Lagu ini kerasa kayak “gue capek jadi baik.”","5","","","",""
"YouTube","#kpop","Ada energi memberontak yang enak banget.","5","","","",""
"YouTube","#kpop","Vibes-nya marah tapi stylish.","5","","","",""
"YouTube","#kpop","Liriknya pedes banget, suka!","5","","","",""
"YouTube","#kpop","Ini lagu kayak akhirnya bilang apa yang selama ini ditahan.","5","","","",""
"TikTok","#kpop","Bikin ingin banting pintu meski cuma dalam pikiran.","5","","","",""
"TikTok","#kpop","Marahnya bukan teriak, tapi tajam.","5","","","",""
"TikTok","#kpop","Reff-nya kayak pukulan pertama.","5","","","",""
"TikTok","#kpop","Lagu ini ngingetin aku kalau aku punya batas.","5","","","",""
"TikTok","#kpop","Energi dibakar habis-habisan.","5","","","",""
"TikTok","#kpop","Bikin pengen teriak “cukup!” di tengah jalan.","5","","","",""
"TikTok","#kpop","Ini lagu yang bikin kamu sadar kamu pantas marah.","5","","","",""
"TikTok","#kpop","Suaranya kasar tapi powerful.","5","","","",""
"TikTok","#kpop","Berasa kayak melepaskan racun dari dalam hati.","5","","","",""
"TikTok","#kpop","Marah tapi aesthetic banget.","5","","","",""
"TikTok","#kpop","Vibes-nya kayak bersihin luka yang udah lama.","5","","","",""
"TikTok","#kpop","Ada rasa benci yang tertata rapi.","5","","","",""
"TikTok","#kpop","Beat-nya ngedorong emosi keluar.","5","","","",""
"TikTok","#kpop","Bikin aku inget semua pengkhianatan.","5","","","",""
"TikTok","#kpop","Lagu ini kayak tamparan keras buat seseorang.","5","","","",""
"TikTok","#kpop","Energinya berapi-api.","5","","","",""
"TikTok","#kpop","Denger ini pas lagi kesel tuh lega banget.","5","","","",""
"TikTok","#kpop","Ini kayak soundtrack buat move on dengan marah.","5","","","",""
"TikTok","#kpop","Liriknya bukan sedih, tapi muak.","5","","","",""
"TikTok","#kpop","Reff-nya kayak ngeluarin semua sumpah serapah yang ditahan.","5","","","",""
"TikTok","#kpop","Lagu yang paling jujur tentang rasa kesal.","5","","","",""
"TikTok","#kpop","Bikin aku pengen cabut dari semua orang untuk sementara.","5","","","",""
"TikTok","#kpop","Ini kemarahan yang rapih, bukan chaos.","5","","","",""
"TikTok","#kpop","Vibes “aku udah muak” banget.","5","","","",""
"TikTok","#kpop","Kayak hati lagi mendidih.","5","","","",""
"TikTok","#kpop","Lagu ini berat tapi melegakan.","5","","","",""
"TikTok","#kpop","Cocok buat nendang hari yang jelek.","5","","","",""
"TikTok","#kpop","Nggak teriak tapi auranya galak.","5","","","",""
"TikTok","#kpop","Liriknya nyindir langsung ke tulang.","5","","","",""
"TikTok","#kpop","Ada energi balas dendam manis di sini.","5","","","",""
"TikTok","#kpop","Lagu ini bikin aku sadar aku deserve better.","5","","","",""
"TikTok","#kpop","Ini bukan marah biasa, ini marah yang sadar diri.","5","","","",""
"TikTok","#kpop","Beat-nya bikin darah panas.","5","","","",""
"TikTok","#kpop","Vokalnya penuh amarah tapi kontrol.","5","","","",""
"TikTok","#kpop","Bikin pengen ngeblok orang tanpa mikir dua kali.","5","","","",""
"TikTok","#kpop","Ada power yang meledak di setiap notenya.","5","","","",""
"TikTok","#kpop","Ini lagu yang kamu putar pas udah gak tahan.","5","","","",""
"TikTok","#kpop","Auranya gelap tapi kuat banget.","5","","","",""
"TikTok","#kpop","Rasanya kayak ngelepas rantai di dalam diri.","5","","","",""
"TikTok","#kpop","Beneran marah tapi classy.","5","","","",""
"TikTok","#kpop","Ini soundtrack bangkit setelah disakiti.","5","","","",""
"TikTok","#kpop","Bikin pengen smash pillow wkwk.","5","","","",""
"TikTok","#kpop","Lagu ini kayak bilang “gue nggak lagi baik-baik aja.”","5","","","",""
"TikTok","#kpop","Ada dendam manis di tiap liriknya.","5","","","",""
"TikTok","#kpop","Energinya intens tapi satisfying.","5","","","",""
"TikTok","#kpop","Bikin aku sadar kalau marah itu valid.","5","","","",""
"TikTok","#kpop","Suaranya kayak teriakan yang ditahan lama.","5","","","",""
"TikTok","#kpop","Lagu ini kayak buka pintu kemarahan yang terkunci.","5","","","",""
"TikTok","#kpop","Rasa kesalnya tuh raw.","5","","","",""
"TikTok","#kpop","Ini kayak versi musik dari “udah, stop.”","5","","","",""
"TikTok","#kpop","Burn-out vibes tapi marah.","5","","","",""
"TikTok","#kpop","Denger ini bikin pengen unfollow orang toxic.","5","","","",""
"TikTok","#kpop","Ini kemarahan yang gentle tapi nyata.","5","","","",""
"TikTok","#kpop","Beat drop-nya kayak ledakan kecil.","5","","","",""
"TikTok","#kpop","Seharusnya orang yang bikin lagu ini dipelukan… atau dikasih punching bag.","5","","","",""
"TikTok","#kpop","Ada kemarahan yang dewasa banget.","5","","","",""
"TikTok","#kpop","Vibes “gue udah gak mau ngalah lagi.”","5","","","",""
"TikTok","#kpop","Lagu ini kayak bikin kamu berdiri lagi setelah diinjak.","5","","","",""
"TikTok","#kpop","Reff-nya nyeret emosi keluar semua.","5","","","",""
"TikTok","#kpop","Terasa panas dalam cara yang enak.","5","","","",""
"TikTok","#kpop","Lagu ini intens banget sampe bikin ikutan panas.","5","","","",""
"TikTok","#kpop","Vibes broken tapi jadi kuat.","5","","","",""
"TikTok","#kpop","Bikin semangat buat ninggalin orang toxic.","5","","","",""
"TikTok","#kpop","Ini lagu marah yang punya kelas.","5","","","",""
"TikTok","#kpop","Kalau marah punya suara, bakal kayak gini.","5","","","",""
"TikTok","#kpop","Liriknya tuh tajam tapi estetis.","5","","","",""
"TikTok","#kpop","Bikin aku pengen bilang “cukup sampai di sini.”","5","","","",""
"TikTok","#kpop","Lagu ini kayak menutup pintu tanpa lihat ke belakang.","5","","","",""
"TikTok","#kpop","Auranya powerful banget.","5","","","",""
"TikTok","#kpop","Denger ini bikin aku lebih berani buat marah.","5","","","",""
"TikTok","#kpop","Ini bukan anger, ini liberation.","5","","","",""
"TikTok","#kpop","Kayak ngelepas semua beban dengan teriakan pelan.","5","","","",""
"TikTok","#kpop","Bikin hati panas tapi lega.","5","","","",""
"TikTok","#kpop","Reff-nya kayak tusukan balik.","5","","","",""
"TikTok","#kpop","Lagu yang pas pasang saat dunia bikin kesel.","5","","","",""
"TikTok","#kpop","Energinya intense tapi terarah.","5","","","",""
"TikTok","#kpop","Terima kasih buat lagu yang ngasih ruang buat marah.","5","","","",""